1 3519
1 4103
1 4352
1 5230
1 8310
1 9811
2 3073
2 3078
2 4477
3 1073
4 2784
5 47
5 2465
5 3097
5 7903
6 3311
6 4976
6 8061
6 8496
6 8732
7 8067
8 124
8 1130
8 4711
8 8035
8 9684
8 9956
9 7260
9 9604
10 89
10 888
10 7918
11 7272
11 9508
12 3816
12 6178
13 1957
13 9372
14 3090
14 4995
14 8212
15 16
15 6695
15 8951
16 819
16 4021
17 302
17 3608
18 3495
18 6153
19 5058
19 8449
20 1899
20 3704
21 1996
21 3082
22 1979
22 3862
22 5586
22 6527
22 8940
22 9395
23 351
23 1724
24 430
24 3023
25 1577
25 9488
26 444
26 3429
26 7823
27 1111
27 3833
27 4216
27 5169
28 1260
28 4103
28 4944
28 6823
28 6847
28 7797
29 319
29 6549
30 2061
30 2309
30 2751
30 6792
30 7745
31 1730
31 3302
31 5140
31 6389
32 3220
33 709
33 6325
33 7958
34 4265
35 131
35 8230
36 928
36 4930
36 7654
37 964
37 2643
37 7018
38 2507
38 4860
38 5743
39 8000
39 8003
40 4676
40 6328
40 6393
40 6874
40 9816
41 2469
42 426
42 7692
42 9961
43 1065
43 2671
44 213
44 336
44 448
44 9182
45 5279
45 7450
46 1124
46 4270
46 8664
47 1804
47 3586
47 7529
47 8520
48 6193
48 6679
48 9325
49 690
50 1163
50 1544
50 9252
51 893
51 4068
51 7877
51 8224
52 1282
52 2641
52 3058
52 4172
52 9277
53 895
53 6139
54 2875
55 4677
55 6385
56 8537
57 2830
58 701
58 2814
58 5121
58 6258
59 6264
59 7194
59 9241
60 1289
60 1968
60 4136
60 6891
60 8536
61 233
62 3069
62 3970
62 7727
63 1944
63 1961
63 2669
63 4428
63 5138
63 6173
64 336
64 547
64 1456
64 2817
65 8142
65 8323
66 7696
67 6917
67 7562
67 8962
68 2299
68 5248
69 2194
69 4095
69 4515
71 786
71 2341
71 8092
71 9856
72 1510
72 4599
73 2073
73 4219
73 6085
73 6784
74 1260
74 5180
75 7280
75 7710
76 2844
76 7495
76 7781
77 1086
77 2297
77 4494
77 4524
77 9445
78 250
78 3095
78 4838
79 1729
79 2122
80 6049
80 6398
80 8356
81 1475
81 5145
81 6069
81 8317
82 2805
82 3776
82 8130
83 7145
84 7409
84 7897
85 514
85 2205
85 3658
85 3947
85 4936
85 7111
86 4023
87 5143
87 6478
88 157
88 5966
89 776
90 6715
90 7491
90 8509
91 1776
91 9951
93 481
93 5176
93 7704
94 2690
94 7673
95 4432
95 6373
95 7333
95 8740
96 5220
97 2955
97 5489
98 822
98 5311
98 5852
98 7022
98 8151
99 827
99 9731
100 131
100 7507
100 8037
101 5606
101 7341
101 7362
102 2968
102 3247
102 4163
102 5034
102 6075
102 7918
102 9030
102 9635
103 1768
103 5527
103 7771
104 627
104 5654
104 6498
104 9497
105 518
105 7343
106 387
106 791
106 2253
106 4763
106 8252
106 8413
107 3815
107 6409
108 6293
109 3056
109 9105
110 146
110 2667
110 4073
110 4695
110 5020
110 9942
111 1071
111 3470
111 4159
111 7914
111 8744
112 1174
112 3750
112 6064
112 7044
112 9982
113 2359
113 2476
113 3298
113 7165
113 7359
114 6723
114 7186
114 8529
114 8831
115 4844
115 9848
116 3408
116 5660
117 6394
118 3340
118 4660
118 6035
118 8739
120 6789
121 9483
123 5999
123 9344
124 191
124 2174
124 5121
124 5523
124 5912
126 1086
126 2152
127 1786
127 3301
127 6287
127 7867
127 9061
129 3558
129 5874
129 5976
130 1462
130 7989
130 9350
131 1702
131 3659
131 7021
132 481
132 5014
132 6382
133 3666
133 7857
133 9906
134 2177
134 5583
135 1220
135 4151
135 6233
135 8059
135 8769
135 9999
136 2377
136 5095
136 7376
137 3430
137 8533
137 8786
137 8928
139 3681
139 4496
139 7692
141 5486
141 9854
143 1930
143 4987
143 7095
143 8188
144 5039
144 5445
144 8141
144 9805
145 3479
145 4319
145 6299
145 8663
146 3005
146 3381
147 2064
147 8788
148 1598
148 1976
148 2606
148 6044
148 7201
148 8820
148 9535
148 9905
149 1711
149 3137
149 5348
150 3702
150 4245
150 5511
151 5426
152 8665
153 1414
153 4660
153 8052
153 9299
153 9533
154 240
154 2798
154 3106
154 9072
155 4916
155 8485
155 9444
156 1127
156 4081
157 2527
157 3607
157 4212
157 8333
158 4868
159 1817
159 3694
159 3926
159 7778
160 6564
160 7046
160 7060
161 3154
161 7911
161 8173
162 3549
162 5619
162 9119
163 1323
163 8546
164 965
164 5120
164 8272
165 1175
165 4582
166 3568
166 4434
166 9921
167 6102
167 9443
167 9501
168 7814
169 1743
170 3134
170 4527
170 6759
170 8676
171 921
171 4214
171 6444
171 7383
172 537
172 4274
172 8731
173 4210
173 7027
174 5681
174 7612
174 9373
175 4230
175 8221
175 9322
176 817
176 2134
176 2559
176 2968
177 4199
177 4563
177 4632
180 1032
180 3462
180 7719
181 1751
181 7375
181 8513
181 9500
182 824
182 5099
182 9443
183 533
183 1860
183 2471
184 3853
184 4119
185 5158
186 7610
186 9646
187 2085
187 3113
188 532
188 812
188 4900
188 8486
188 9571
188 9645
189 3640
189 8072
190 4059
190 4577
190 6758
191 3681
191 6666
192 3537
192 7350
192 9952
193 5238
193 8123
194 1291
195 6335
195 7679
195 8573
195 9508
196 1995
196 3865
196 4604
196 8401
196 9208
197 776
197 7933
198 2033
199 847
199 1364
199 1700
199 5437
200 4244
201 7546
203 2771
203 3403
204 693
204 1339
204 1384
204 3603
204 8045
205 758
205 2018
205 3931
205 4851
206 1534
206 7900
208 1943
208 2150
208 4375
208 4662
209 1041
209 2647
209 4010
209 8495
210 5201
210 5666
210 9796
211 642
211 3071
212 5276
213 8260
213 8732
213 9589
214 3191
214 5083
214 5281
215 326
215 1720
216 3518
216 8742
217 3976
217 6485
218 2995
218 5434
218 7052
219 2927
219 3755
219 7552
219 7902
219 8641
219 9265
220 580
220 3825
220 8802
221 8521
222 4537
222 9817
223 5137
223 5200
223 8702
224 335
226 6872
226 8888
227 4657
228 1619
228 6912
228 9101
229 9560
230 2042
230 2529
231 686
231 1852
231 1903
231 4546
231 5063
231 9637
232 937
232 3740
232 4629
232 9223
233 569
233 630
233 1546
234 297
234 2794
234 4037
234 5700
235 4444
235 7920
235 8413
235 8858
236 267
236 1057
236 4568
237 722
237 5484
237 9146
238 1648
238 2155
239 2648
239 6789
239 9851
239 9894
240 4849
242 822
242 3003
242 7511
242 9537
243 889
243 3726
243 4710
243 6362
244 7502
245 1006
245 9087
246 9249
247 3139
247 3672
247 6410
247 7334
248 939
248 2006
248 4500
248 9077
249 336
249 3088
249 3964
249 4573
249 6207
249 8611
250 4893
250 9030
251 2176
251 3933
252 1929
252 2511
252 3740
252 5509
252 7360
254 3910
254 8411
255 1365
255 6375
255 6938
255 9548
256 4797
256 9577
257 804
257 2701
257 3609
257 4704
258 2874
258 3963
258 4135
259 6094
259 8571
260 2360
260 2814
262 897
262 4837
262 6386
262 6748
262 7736
263 3967
264 1049
264 2921
264 3709
264 7568
265 1164
265 3277
265 3340
265 5309
265 5795
265 9608
266 522
266 8606
267 997
267 4061
267 5052
268 1907
268 6923
269 5666
269 7195
270 6425
270 8494
270 9256
271 1538
271 2236
271 2686
271 3626
271 4246
271 4473
271 5621
271 7902
271 8090
272 452
272 4500
272 5214
272 6492
272 6977
272 7364
272 7885
273 9121
274 1436
274 2899
274 5753
274 6565
274 8091
275 4717
276 3266
276 4840
276 6876
276 9777
277 5194
278 596
279 2937
279 8461
280 618
280 1853
280 4295
280 5769
280 5992
280 7866
281 1241
281 2427
281 6659
282 4598
282 8491
282 9319
283 1787
283 3255
283 4817
283 8238
284 4123
284 5879
285 484
285 4198
285 5749
285 6771
285 7588
285 9064
286 3950
286 4382
288 4111
289 973
289 1549
289 3964
289 8924
290 1994
290 3971
290 6851
290 9620
290 9660
291 3286
291 3684
291 6612
291 7305
291 7991
292 1113
292 2402
292 2931
292 6741
292 9563
293 2481
293 4470
293 6417
294 3501
294 5797
294 8943
295 4967
295 6184
295 7834
295 8372
295 9496
295 9673
296 6352
296 6858
297 817
297 1171
297 2783
297 4690
297 5834
298 471
298 4481
298 5880
298 8358
299 6372
300 2489
300 2771
300 5229
300 9907
301 2276
301 2304
301 2911
301 3384
301 4245
301 5972
301 6139
301 8456
302 5758
302 7288
303 2792
303 5393
303 6425
303 6562
303 8787
303 9722
304 1762
304 5751
304 9140
305 2479
305 4965
306 6408
306 9680
307 1027
307 1172
308 5240
308 5821
308 6603
308 9325
309 2237
309 8318
309 9249
310 1012
310 1088
310 1567
310 5069
311 961
311 4059
311 8052
312 3950
312 7609
312 7839
313 5368
313 8210
313 8376
313 9990
314 2269
314 7848
314 9965
315 4106
315 9445
316 789
316 4259
316 9999
317 2600
317 7373
318 3133
318 8674
319 4489
319 4760
319 7604
320 1115
320 5812
321 2058
321 9349
322 1255
322 1839
322 2329
322 3639
322 4253
322 7460
323 2922
323 3972
323 4143
323 4805
324 4908
324 5732
324 6903
326 3943
326 5236
326 9014
326 9607
327 3212
327 4157
327 7383
328 4299
328 6856
328 9250
329 3638
329 9106
330 2812
330 5136
330 6388
330 7009
331 2598
331 6552
332 4696
333 2262
333 3512
333 4433
334 2845
334 7722
335 934
335 4558
335 4783
335 9068
336 6449
337 1714
337 4148
337 7375
339 2296
339 4320
339 5388
339 5734
339 7069
339 9425
340 2754
340 2907
340 8932
341 1499
341 1959
341 4757
341 6195
341 7934
341 8809
342 7488
342 8726
344 1373
344 3594
345 6583
345 7169
345 7187
347 4142
348 8842
349 5062
349 9463
350 2406
350 5116
350 7706
351 659
351 2211
351 2735
351 3141
351 3311
352 3319
352 3408
352 6870
352 7953
352 8097
353 2314
353 3368
353 6984
354 4567
354 4693
354 6731
355 3655
355 4381
356 3042
356 7062
356 8454
357 2064
357 2225
357 2256
357 3156
357 5060
358 3613
358 6107
359 3361
359 9744
360 3217
360 3680
360 6561
360 8149
361 815
361 2569
361 2815
362 4123
362 6731
362 8227
363 3479
363 4023
363 5260
363 7177
363 8129
363 9449
363 9667
364 2948
364 3209
364 6805
365 1251
365 4700
365 5071
365 5911
365 6498
366 573
366 3057
366 9305
367 3678
367 3694
367 4671
367 7546
367 9228
368 641
368 1891
369 1733
369 4619
369 4737
369 9229
370 2406
370 3012
370 4013
370 7713
370 9297
372 2613
372 3528
373 2868
374 3358
374 7433
374 7607
375 2645
375 3259
375 6157
375 6891
375 7455
375 8727
375 9497
375 9788
376 1892
376 6999
376 8480
377 2843
377 5666
377 7457
377 8253
377 8258
378 3424
378 6723
378 9104
378 9193
378 9218
379 3569
379 5201
379 5591
379 7292
379 8821
380 1576
380 4271
380 5017
380 9555
381 1112
381 5247
381 6903
381 8392
382 2224
383 1030
383 4520
383 5433
383 6060
384 1763
384 4497
384 4634
384 6051
385 8126
386 3684
386 8028
386 9947
387 422
387 2483
387 2601
387 6109
388 1598
388 2949
388 4881
388 9160
389 430
389 7582
390 868
390 871
390 3112
390 4823
390 5624
390 7679
391 9699
392 2222
392 2760
392 3945
392 4502
392 6330
392 8574
392 9424
392 9832
392 9843
393 6014
393 7674
393 7882
394 1507
394 9817
395 5433
397 2201
398 3496
398 8587
399 8321
400 1262
400 1779
400 8003
400 8663
401 1526
401 1809
401 2819
401 3345
401 4998
401 7431
402 949
402 2229
402 6602
402 7234
403 660
403 1135
403 1858
404 1219
404 4069
404 6863
404 9112
405 2619
405 3136
405 3154
405 4193
405 4943
405 5092
405 5617
405 8667
405 8992
406 1745
406 3796
406 4497
406 6615
406 9310
407 1137
407 2312
407 2503
407 2883
407 5309
408 3313
408 4011
408 8054
408 8094
408 9335
409 533
409 1747
409 3341
409 5456
409 8419
410 3389
410 5523
411 5248
411 6128
411 9109
413 3104
413 5742
413 8483
413 9144
414 3573
414 7573
414 8596
415 2433
415 2920
415 6012
415 6478
415 7967
415 9625
416 5701
417 1439
417 6051
417 8823
418 8060
419 6029
420 2297
420 6895
420 9590
421 1023
421 5293
421 9407
422 1640
423 1990
423 7880
423 9066
424 2587
424 3746
424 9069
424 9329
425 2445
425 3330
427 2566
427 2833
427 3986
427 6530
427 9747
428 2974
428 4165
429 5015
429 5280
429 6084
429 6759
430 2325
430 5547
430 6044
430 8012
431 1466
431 8844
432 3632
432 9491
433 1100
433 1388
433 2043
433 2573
433 2866
433 4810
433 8624
434 3476
434 3935
435 1606
435 2262
435 9309
436 4363
436 4913
436 9508
437 1838
438 5050
438 8183
439 3393
439 8577
440 1963
440 9688
441 985
441 5069
441 9483
442 1140
442 2958
442 7617
442 9405
443 5426
443 7761
443 9153
444 1898
444 2225
444 2334
444 5562
444 7742
445 4421
446 585
448 7479
448 9387
449 7806
450 3664
450 5645
451 1335
451 1846
451 5168
451 5479
451 6537
452 2094
452 8141
453 3493
453 7602
453 8237
454 4377
456 9095
457 1949
457 2650
458 870
458 5247
458 6292
458 9531
459 4078
459 6376
459 8229
459 9331
460 7088
460 8309
461 3608
461 4780
461 6658
462 2922
462 6746
462 9269
463 1171
463 9155
463 9818
464 6287
464 8299
464 8302
465 4753
466 1093
466 3114
466 3825
468 2555
468 5332
469 1245
469 6249
469 6965
469 7876
470 3114
470 4793
470 6039
470 6150
471 2313
472 646
472 8953
473 1531
474 5723
474 8530
475 8419
476 760
476 7098
477 2781
477 5976
477 7445
477 7508
478 1357
478 4389
478 9015
479 2218
479 2492
479 3817
479 9342
479 9814
479 9998
480 2442
480 8916
481 1128
481 5453
481 6191
481 7645
482 4777
483 6459
483 7048
483 7763
484 8219
485 5173
485 7620
485 7667
485 9660
486 6413
487 1812
487 8392
488 9799
489 495
489 728
489 3624
491 2359
491 4510
491 8734
492 626
492 797
492 4049
493 1225
493 3784
494 2421
494 3406
494 6369
495 1887
495 3936
495 7574
495 8639
495 9421
496 1552
496 4469
497 2963
497 3052
497 4781
497 6962
498 1638
498 3474
499 1415
499 2064
499 6746
499 8292
500 2141
500 6280
501 3759
502 1317
502 2218
502 3448
502 3919
503 4744
503 6835
505 5346
505 5410
506 5715
506 5920
507 2140
507 3621
507 8723
508 5243
508 5295
509 2429
509 4338
509 5325
509 6164
509 8479
510 5263
510 6349
510 7030
510 8309
510 8494
511 2637
511 2703
511 3996
511 4352
511 5023
512 1287
512 2323
513 1905
513 5964
513 8048
514 6587
514 8847
514 9243
515 2545
515 3316
515 7667
515 7970
515 7980
515 9523
516 1143
516 5131
516 5560
517 3049
517 9711
518 9270
519 2708
519 3289
520 2448
520 6024
520 9192
521 1524
521 3887
521 6313
521 8905
522 741
522 7015
523 1265
523 1960
523 8842
525 5851
525 5956
525 8894
525 9323
526 1780
526 2407
526 6412
526 9364
526 9418
527 2927
527 9823
528 1811
528 5020
528 8725
529 1780
529 1992
529 4955
529 5878
529 7852
530 564
530 2809
530 6257
530 8050
530 9255
531 5606
532 1054
532 7390
533 2027
533 4650
534 5211
534 7854
534 9040
535 1000
535 2864
535 9769
536 544
536 5289
536 5572
536 6075
536 9214
537 2823
537 3250
537 6801
538 2873
538 6341
538 9768
539 4549
539 7731
539 9540
540 5579
540 8756
541 1449
542 2223
542 2372
542 2994
542 7682
542 9044
543 1024
543 3177
543 8148
543 8448
544 2231
544 2361
544 4608
544 9181
544 9449
545 1590
545 8287
546 2341
546 6395
546 9574
547 2800
547 4433
547 6026
547 9375
548 5731
548 6080
549 550
549 5562
549 6350
549 8752
550 565
550 2127
550 2327
551 2489
551 2964
551 3328
551 3982
551 6917
552 1935
552 3895
552 6253
553 760
554 5241
554 7113
555 2264
555 3088
555 7197
555 7717
556 2704
556 6125
558 1720
558 4953
558 5890
559 1179
559 1197
559 4481
561 2839
561 7121
562 1860
562 3919
562 8424
562 8845
563 1241
563 1677
563 4690
563 7909
563 8288
563 9110
564 2281
564 7539
565 3315
565 6746
566 9003
567 6496
567 7407
567 9605
568 4246
568 6085
568 9209
569 2260
569 3407
569 4300
569 7001
569 9177
569 9669
570 1883
570 6801
570 7610
570 9898
571 3523
571 4225
573 2687
574 3289
574 4255
575 813
575 3206
575 6172
576 5922
577 1328
577 3663
577 6135
577 6483
577 8226
578 8066
578 8532
578 8655
579 5407
580 1958
580 2842
580 4538
580 7147
580 7265
581 7300
581 8050
581 8838
582 3131
582 5344
582 7204
582 9848
583 2292
583 3751
583 7276
584 7989
585 1928
585 6794
586 8117
587 5231
587 6863
588 907
588 1909
588 3726
588 4707
588 4999
588 7606
589 1706
590 1436
591 1174
591 6667
592 1636
592 3673
592 6185
592 8573
593 6657
593 6962
594 717
594 4233
594 5140
594 6349
595 1876
595 2617
595 4157
595 6323
595 7700
596 1334
596 4328
596 5680
596 9788
597 8852
598 3115
598 5798
598 8997
599 3662
599 9506
600 1226
601 5419
601 9832
602 1996
602 9648
603 936
603 1504
603 2367
603 5515
603 8706
604 813
604 1031
605 2235
605 2786
605 7697
606 3039
606 4502
606 6907
607 6536
608 1799
608 2549
609 2545
609 6294
609 7304
610 1060
610 6550
611 8410
612 3668
612 6276
612 7996
612 8995
612 9358
613 1749
613 2358
613 3029
614 730
616 2824
617 5522
617 6018
617 7430
617 9606
618 4303
618 4880
618 8920
619 7645
619 9953
620 4249
620 4838
621 6839
622 818
622 3276
622 5894
622 6558
623 4676
624 872
624 1756
624 8290
625 1766
625 4729
625 8368
626 2732
626 3078
626 3905
626 3965
626 5026
626 6032
626 6548
627 1537
627 7405
628 4079
628 7859
629 6575
630 1132
630 1163
630 1688
631 4799
631 8278
632 836
632 3588
632 4558
632 5452
632 5593
633 6376
633 8224
634 2062
634 5411
636 733
636 2532
637 5255
637 6884
638 7923
638 8859
638 9537
638 9904
638 9916
639 1557
639 3487
639 3876
639 6297
640 7867
640 9306
641 968
641 4959
641 8291
643 802
643 4507
643 9701
643 9849
643 9994
644 8593
645 2711
645 6789
645 9940
646 4485
647 969
647 5450
648 3374
648 6961
649 1532
649 6898
649 9649
650 3290
650 3609
650 5761
650 7069
652 1839
652 2118
653 1154
653 4681
653 7541
653 9082
655 5732
655 6393
655 7672
656 7700
656 8636
658 2133
658 8214
659 5093
659 5323
659 5694
659 6047
659 8435
660 3838
660 4229
660 5196
660 7773
660 8118
661 3520
661 7495
661 9910
662 4988
662 4998
662 7828
662 8248
663 1403
663 5513
663 8082
664 8060
665 8710
666 3632
666 3877
666 6610
667 1494
667 4300
667 7443
667 9478
668 4174
668 7719
668 9234
669 689
669 8953
669 9895
670 3679
670 4262
671 2925
671 7499
672 5508
673 1788
673 3970
673 5758
673 5900
674 1739
674 1744
674 3793
675 1100
675 4596
675 6942
675 7694
675 8560
676 1610
676 2039
676 3345
676 3780
676 7491
676 7847
677 3666
678 840
678 4273
678 4673
678 5763
678 6687
678 7606
679 4613
679 6503
680 2936
680 5931
681 2426
681 7333
681 8356
682 4299
682 8228
682 8395
682 9125
683 3205
683 5177
683 6916
683 9189
684 4638
684 8321
685 3392
685 4963
686 2305
686 3921
686 6666
686 7427
687 1012
687 3183
689 5388
689 9003
690 4869
691 3431
691 5879
691 8815
691 9543
692 1803
692 2376
692 3590
692 3619
693 4877
693 5238
693 8822
694 1173
694 1342
694 5451
694 7587
694 8163
695 4404
696 2770
696 2844
696 4576
696 4711
696 5484
696 8094
697 4723
697 9639
698 6289
698 7368
699 6828
700 6411
701 8167
701 8608
701 8776
701 9349
702 1524
702 2607
702 5476
702 7011
703 4686
703 9398
704 2123
705 1788
705 2187
705 7560
706 1864
706 9253
706 9279
706 9486
706 9563
707 1303
707 5889
707 8670
708 8783
709 4412
709 5429
709 8341
709 9824
710 2152
710 4433
710 7896
711 1973
711 6757
711 7433
711 7482
712 8895
713 2077
713 3448
714 4840
714 5939
714 9894
715 7977
715 8180
716 970
716 2100
716 4392
716 5245
716 5401
717 2566
718 1545
718 5275
718 7774
718 8397
719 2194
719 5849
721 6789
722 8050
723 2926
723 4697
723 6645
723 8377
723 8996
724 1331
724 1827
724 5601
724 8419
725 1804
725 1830
725 2169
725 2488
725 5912
725 9014
726 2026
726 2469
726 3322
726 3714
726 8700
727 1177
727 1790
727 1854
727 3088
727 3856
727 5997
728 2502
728 3288
728 5122
728 5218
728 6448
729 2742
729 5917
729 7681
729 7965
729 9441
730 6203
730 6765
730 7782
731 5434
731 6770
732 4065
732 7077
733 2815
733 4533
733 6401
733 6879
733 8690
734 8044
735 1417
735 2600
735 3993
735 5077
737 2160
737 3372
737 7917
737 9505
738 4392
740 5214
740 7381
740 7742
741 4792
741 5277
742 3554
742 5590
742 7433
742 7985
743 7080
743 8523
744 4018
744 7569
744 8185
744 8779
745 1713
746 5767
746 7133
746 7264
746 9859
747 2621
747 8637
748 3192
748 6140
749 5445
749 5993
749 9065
750 8443
751 3806
752 7153
752 7760
753 2252
753 2830
753 5745
753 6421
753 8692
754 1091
754 3683
754 3944
754 9907
755 3421
755 3600
755 4274
755 6023
755 6805
757 3605
757 4657
757 5858
758 1380
758 4561
759 4655
759 6473
760 1800
761 7267
762 1484
762 3956
762 6678
762 7933
763 4528
763 7048
763 9273
764 4350
764 8381
765 1391
765 4330
765 7100
766 3597
766 5152
767 3682
767 3968
767 7410
767 9248
768 2247
768 3990
768 5056
769 797
769 1009
769 5515
769 6112
771 2480
771 6186
771 9998
772 5017
773 1674
774 2238
775 7634
775 8613
776 5090
776 7954
777 1093
778 2507
778 3678
779 2615
779 5303
779 6915
779 8138
780 5917
781 1494
781 2164
781 9690
782 1387
782 4826
782 6008
783 2576
783 2768
783 3259
783 3792
783 7787
783 8092
783 9884
784 2712
784 2887
784 3676
784 3783
785 7132
785 9549
786 9566
787 1774
787 2285
787 2729
787 5025
787 5713
788 4469
788 6677
788 8140
789 2514
789 2854
789 2956
789 3817
789 4159
789 6615
789 7250
789 7687
790 1162
790 4150
790 5639
790 9715
791 2232
791 4910
792 1319
792 1499
792 5081
792 7044
792 8640
792 9118
792 9793
793 1060
793 3531
793 6727
793 8633
795 3297
795 9873
796 6813
796 7528
798 3027
799 2787
799 3983
800 3808
800 6728
801 6483
802 3453
802 8229
803 1815
805 2498
805 2852
805 3521
805 4262
806 2346
806 6047
807 1127
807 8196
807 9271
808 8382
809 2293
809 3593
809 5721
809 5875
809 7241
809 8197
810 1194
810 6501
810 7116
810 7758
810 7853
810 8104
813 1527
815 5269
816 7080
816 7560
817 4642
817 6603
817 7588
817 8512
818 3050
818 8093
818 8924
820 5929
820 6847
820 7318
820 7901
821 1716
821 2151
821 5719
821 6836
822 3720
822 4185
822 5703
822 7511
823 4497
823 8932
824 3648
824 4194
824 6534
824 8675
824 9980
825 3042
827 4254
827 4888
828 5033
828 7738
828 9955
829 854
829 2458
830 2264
830 3599
830 7527
831 4101
831 8593
832 1354
833 3711
833 7534
833 9988
834 1628
834 1879
834 6837
834 8459
834 9278
835 4916
835 5790
836 8560
838 2484
838 3097
838 5923
838 8783
839 1015
840 1319
840 5181
840 6227
841 2326
841 4738
842 1434
842 3222
842 7870
843 1446
843 2407
843 2744
843 5906
843 7076
843 9401
844 3972
844 4559
844 8494
845 8304
846 1905
846 3470
846 7195
847 1473
847 3931
847 4010
847 4201
847 9647
848 1742
848 2220
848 3678
848 3887
848 7827
850 3165
850 6303
850 8173
851 2552
851 4759
851 5985
851 7100
852 3226
852 3461
852 6526
854 3207
854 3518
854 5203
854 5293
854 7582
854 9491
855 8424
856 1526
856 5907
856 6661
856 6915
857 1569
857 4649
857 7562
859 2394
860 1484
860 4607
860 8644
861 6859
861 6916
862 3693
862 7392
863 1383
864 1979
864 2879
864 3456
864 6296
864 7780
865 5850
866 2024
866 2183
866 4472
866 8620
866 9019
867 973
867 5750
867 6933
868 4901
868 4943
868 6629
868 8584
869 3268
869 3524
869 8343
869 9125
870 6949
870 8652
871 2595
871 4700
871 7942
872 4377
872 4511
872 4983
872 7664
873 2984
873 4918
873 6247
873 7679
875 5477
875 6618
876 3789
876 6181
876 9040
877 2258
877 4881
877 7660
877 9972
878 5289
878 5824
878 8547
879 1555
879 1920
879 2166
879 3915
880 4007
880 9137
880 9399
881 2458
881 9861
882 7687
884 3496
884 3744
884 7863
884 9030
885 1510
885 3121
885 3716
886 3644
886 4180
886 4970
886 6792
886 7143
886 7358
887 1005
887 1445
887 1707
887 2145
887 9460
888 1358
888 3013
889 2488
889 2653
889 4620
889 5979
889 5984
889 8288
890 1914
890 3689
890 9499
891 4253
891 7974
891 8347
892 4641
892 6530
892 7814
893 2182
893 4695
893 5331
893 6557
894 1221
894 3957
894 6702
894 7891
894 8515
895 5340
895 8267
896 1801
896 5068
896 5769
897 933
899 9707
900 999
900 5677
900 5773
900 6008
901 905
901 5603
901 8088
902 2328
902 9553
903 2528
903 6605
904 3901
904 3968
904 4279
904 4697
904 8996
905 1319
905 7323
905 7810
906 2433
907 1082
907 3216
907 4006
907 5954
908 9294
908 9944
909 2458
909 7354
910 1976
910 2536
910 3922
910 9699
911 3121
911 3986
911 4682
911 6173
911 7775
911 8025
911 9450
911 9826
912 1136
912 4209
912 6768
912 7644
912 9053
913 1420
913 2002
913 5744
913 9846
914 2113
914 2347
914 2673
914 7014
914 8674
915 2637
915 4870
915 9164
916 984
916 5531
916 6260
916 8837
918 3032
918 4275
918 6187
918 7535
918 8574
919 5106
920 1763
920 6763
921 4767
921 7964
921 8232
921 9126
922 8312
923 2222
923 4251
923 6735
924 2488
924 5492
924 5847
924 6738
924 7481
925 5031
925 6103
925 6240
925 8126
926 1312
926 2831
926 8963
928 3511
928 9924
929 932
929 1078
929 3463
929 4533
929 8584
930 1251
930 2572
931 3219
931 3387
931 4627
931 8491
931 9964
933 7151
934 3189
934 4398
934 7148
935 5115
935 9452
936 1086
936 2584
936 7031
936 9447
937 1225
937 5218
937 9323
938 5216
938 6695
938 7149
938 8810
939 1291
939 1354
939 2097
939 7491
940 4420
942 3013
942 3238
942 3740
942 4889
942 9641
943 3911
944 1692
944 3542
944 5901
944 8749
944 9471
945 4691
945 5096
946 1401
946 4053
946 5607
946 8720
948 1489
948 2782
948 3632
948 6014
949 4886
949 6857
949 7403
949 8904
949 9511
950 8428
951 1718
951 2156
952 8796
953 9711
954 2884
954 2986
954 3549
954 9834
956 3927
956 5708
956 6516
957 4153
957 8570
958 1991
958 3475
958 5732
958 9993
959 5146
960 1685
960 5568
960 6321
960 9430
961 5528
961 7629
961 9792
962 5450
962 9275
963 5118
964 2253
964 6370
964 7595
965 1526
965 5050
965 7467
965 9305
966 6032
966 8224
967 4175
967 5280
967 6290
968 2097
968 2420
968 2744
968 3693
969 3153
969 5299
969 5549
970 3289
970 7769
970 8419
971 1687
971 2239
971 2240
971 4749
971 6413
971 7206
971 9182
971 9985
972 2003
972 3215
972 9073
973 1915
973 2683
973 5082
973 6734
973 8068
974 2588
974 5125
974 8521
974 8568
975 1031
975 4870
975 5081
976 3760
976 6601
976 9698
977 3181
977 4600
977 5515
977 8843
978 3715
978 6855
978 6987
978 7238
978 7737
979 9977
980 2271
981 996
981 4809
981 6349
981 7996
982 2563
982 3196
982 4394
983 4070
983 5923
984 2905
984 3121
984 8274
985 2932
985 3435
986 1282
986 6382
987 3481
987 6492
987 8575
988 7547
988 9373
989 2435
989 3599
989 4129
989 9187
989 9979
990 1344
990 1550
991 1321
991 8311
992 1670
992 3125
992 3214
992 5916
993 8120
994 2271
994 3956
994 4142
994 4337
994 4668
994 8068
995 1171
995 3614
995 5247
995 5488
995 9556
996 7738
997 3168
997 7179
998 1253
998 1329
999 2687
999 5672
999 6372
1000 3545
1000 4544
1000 6848
1001 1266
1001 3693
1001 3699
1001 6297
1001 6757
1002 4834
1002 4967
1002 7098
1002 8981
1003 6685
1003 9361
1004 5415
1004 6692
1004 8478
1004 9211
1005 2728
1005 6024
1005 8345
1006 2563
1007 2590
1007 3898
1007 8970
1008 1287
1008 1357
1008 2296
1008 5169
1008 6659
1009 9445
1010 3852
1010 4702
1011 1923
1011 6884
1011 8098
1012 5821
1012 7340
1013 1152
1013 1626
1013 3732
1013 8392
1013 8522
1014 1360
1014 8723
1014 9272
1015 2530
1015 2676
1015 4481
1015 4629
1015 8868
1016 1815
1016 6649
1016 8753
1016 9500
1017 1395
1018 5229
1019 1734
1020 7885
1021 2773
1021 4973
1021 5598
1021 7167
1022 1889
1022 2855
1022 4068
1022 7303
1023 1072
1024 4742
1024 9775
1025 2436
1025 4584
1025 4822
1025 9568
1025 9976
1026 3759
1028 2623
1028 3033
1028 5935
1029 5119
1029 8777
1029 9681
1030 2188
1031 1199
1032 5019
1033 2000
1033 6100
1033 7087
1034 1657
1034 9342
1034 9627
1035 5073
1035 6691
1036 9460
1037 7665
1037 8360
1038 6851
1039 3470
1040 2304
1040 9820
1041 1308
1041 3124
1041 3377
1041 8592
1043 2624
1043 3076
1043 3480
1043 6004
1043 6086
1043 6652
1044 6050
1044 8302
1044 8507
1044 8572
1045 5167
1045 5950
1045 6634
1046 8321
1047 3712
1047 6316
1047 8589
1047 8926
1048 7988
1049 8878
1050 2032
1050 2552
1050 2655
1050 7457
1050 9683
1051 5161
1051 7313
1051 8534
1052 2521
1052 3403
1052 3780
1052 6861
1054 3076
1054 5341
1055 5436
1055 6449
1055 9653
1056 6913
1056 8440
1057 4369
1057 7198
1058 7214
1058 9053
1059 2955
1059 3744
1059 4002
1059 8599
1060 2627
1060 2854
1060 3101
1060 5321
1060 8510
1060 8943
1061 1622
1061 1895
1061 2535
1061 5278
1061 6260
1061 9291
1062 5878
1062 6630
1062 9012
1063 2636
1063 4304
1063 8882
1064 4723
1064 7620
1065 2614
1066 2641
1066 5383
1066 9994
1067 2059
1067 2356
1067 2587
1068 4431
1068 6750
1068 9371
1069 8292
1069 9428
1070 2062
1071 3581
1071 5449
1071 6595
1071 7246
1071 8481
1071 9716
1072 5385
1073 2776
1073 3321
1073 5848
1073 7205
1074 1474
1075 2360
1075 5484
1076 3820
1076 8470
1076 9383
1077 2807
1077 4795
1077 8045
1077 9741
1078 6801
1078 9090
1078 9515
1079 3899
1079 3908
1079 4232
1080 6553
1080 9885
1081 2414
1081 4057
1081 4523
1082 1124
1082 1868
1083 7750
1084 4111
1084 7929
1085 2111
1085 4238
1087 5517
1087 7547
1087 8929
1088 2790
1088 4555
1088 7970
1088 8227
1089 5760
1089 8166
1089 9970
1090 7030
1090 7492
1091 2301
1091 5681
1091 6072
1092 1490
1092 6230
1092 8430
1093 1648
1093 2570
1093 8811
1094 6037
1094 6096
1095 3469
1096 2998
1096 5755
1096 6475
1096 8364
1097 8543
1098 9251
1099 3086
1099 8375
1100 3449
1100 9680
1100 9806
1101 6139
1102 5543
1102 5804
1102 8122
1102 8358
1103 5764
1103 5866
1103 8575
1104 1204
1104 2773
1104 3771
1105 4488
1105 6398
1105 8969
1105 9919
1106 5657
1107 2837
1107 4602
1107 7667
1108 2566
1108 9909
1109 3459
1109 7319
1110 5857
1110 7540
1110 9386
1111 2849
1112 1876
1112 6521
1113 1549
1113 1738
1114 6856
1115 2098
1115 4397
1115 4407
1115 9103
1115 9717
1116 3390
1116 5281
1116 6514
1117 1963
1117 5942
1118 7030
1119 2292
1119 4151
1119 4567
1119 4755
1119 7557
1120 1755
1120 3929
1121 5104
1122 7457
1123 5948
1124 2445
1124 7468
1125 2649
1125 3481
1125 4458
1125 5226
1125 7718
1126 5055
1126 7257
1127 1760
1128 3683
1128 4635
1128 6810
1128 8274
1129 7119
1131 1889
1131 2569
1131 8366
1132 6394
1132 7432
1132 8420
1133 2319
1133 4282
1133 4711
1133 9400
1133 9845
1134 5692
1134 8422
1134 8799
1135 5676
1135 6224
1135 6966
1135 8031
1136 3160
1136 3250
1137 4656
1137 6169
1137 7003
1138 3814
1139 7373
1140 5465
1140 9819
1141 3210
1142 1640
1142 5751
1142 8116
1143 8710
1143 9267
1144 3030
1144 3676
1144 6327
1144 6486
1144 9664
1145 4220
1145 6306
1147 1179
1147 2095
1147 2137
1147 3678
1147 9510
1148 5268
1148 5989
1149 5399
1149 6969
1149 8086
1150 6035
1150 7616
1150 8036
1151 3011
1151 6219
1151 6565
1151 6736
1151 8235
1151 8813
1152 5462
1152 5771
1152 6194
1153 9341
1153 9527
1154 1436
1154 2868
1156 2320
1156 9792
1157 3545
1159 2633
1159 7965
1160 1905
1160 6512
1160 7733
1160 9522
1161 4536
1161 8669
1162 1607
1162 1943
1162 2348
1162 8021
1162 9263
1163 4637
1163 5752
1164 7732
1164 9220
1164 9898
1165 2095
1165 8862
1166 5260
1166 8921
1167 2708
1168 3551
1168 3871
1170 3707
1170 5763
1170 7066
1171 7911
1172 2376
1172 4178
1172 7415
1174 1191
1174 1765
1174 9415
1174 9455
1175 4618
1175 7063
1175 8159
1176 1209
1176 2531
1176 9795
1177 3857
1178 9215
1178 9917
1180 3040
1180 3309
1180 6977
1180 9947
1181 1774
1181 3353
1181 3449
1181 4086
1181 8525
1182 4366
1182 4376
1182 5618
1183 2603
1183 8585
1184 1794
1184 2880
1184 3769
1184 4369
1186 1513
1187 3368
1187 4682
1188 1218
1189 7805
1189 8253
1189 9003
1190 4044
1190 5691
1190 6035
1191 6642
1191 9783
1192 3402
1192 5730
1193 6083
1193 9204
1194 1770
1194 6365
1195 1588
1195 2814
1195 5393
1196 8423
1196 9381
1197 1503
1197 2551
1197 5699
1197 5855
1197 6013
1197 9188
1198 6158
1198 6520
1198 7089
1199 4076
1199 6535
1200 5584
1201 6368
1202 3658
1203 6200
1204 4023
1204 4291
1204 5446
1204 8265
1205 3018
1205 9473
1206 1779
1206 6108
1206 7938
1206 8651
1206 9853
1207 2522
1207 3912
1207 9634
1208 6374
1208 9415
1208 9528
1209 8782
1209 9903
1210 3758
1210 6256
1211 7626
1212 7371
1212 9447
1213 7951
1214 2140
1214 3800
1215 5211
1215 5368
1215 8529
1216 1818
1216 8339
1216 8792
1217 1834
1217 3025
1217 4192
1218 6894
1219 1324
1219 5578
1219 6604
1223 3120
1224 1761
1224 4267
1224 8254
1225 8183
1225 8670
1225 9973
1226 6392
1227 7481
1227 7834
1227 9209
1229 2147
1229 8498
1229 8614
1230 2245
1230 2626
1230 3853
1231 7374
1231 9570
1232 6346
1233 2043
1233 4794
1233 7140
1234 1672
1234 3129
1234 6479
1234 8938
1235 2657
1235 3349
1235 4347
1237 1595
1237 3857
1237 4499
1237 9064
1237 9148
1238 1896
1238 4515
1238 7814
1240 8491
1241 3078
1241 3428
1242 2073
1242 3128
1242 7961
1243 6278
1243 8375
1244 7502
1245 2301
1246 8406
1249 2171
1249 2204
1249 3007
1249 5515
1249 7207
1249 7570
1249 7644
1250 3065
1250 3400
1250 5069
1250 8617
1251 7725
1253 3849
1253 5638
1253 9980
1254 8211
1255 2429
1256 3104
1256 3549
1257 4389
1257 4933
1257 6096
1257 9819
1258 1412
1258 2599
1258 7840
1259 1320
1259 3466
1259 3576
1259 7025
1260 6391
1260 6699
1260 6922
1261 2488
1261 7870
1262 9522
1263 5955
1263 6401
1263 7560
1264 2153
1264 2987
1264 6550
1264 8990
1265 6028
1265 6142
1265 7442
1266 3137
1266 5817
1267 3800
1268 2893
1268 6662
1269 2137
1270 2652
1271 3079
1271 3750
1271 4675
1271 5952
1272 2204
1272 3281
1272 4146
1272 5533
1272 8873
1273 3100
1273 5313
1273 5662
1273 9240
1274 2403
1274 2622
1274 4905
1274 8105
1275 4774
1275 9128
1275 9953
1276 2411
1276 5369
1276 6702
1277 8953
1278 3544
1278 6346
1278 9630
1279 3612
1279 5608
1279 9510
1280 1649
1280 5958
1281 1565
1281 5991
1281 9619
1281 9933
1282 2516
1282 3556
1283 5107
1283 6987
1283 7814
1284 2258
1284 4855
1284 5769
1285 4087
1285 5638
1285 5805
1285 6917
1285 8789
1286 9172
1287 2938
1288 2036
1288 5340
1288 6156
1289 6047
1289 6770
1290 1951
1290 3401
1290 7884
1290 8664
1291 6205
1292 4981
1292 4986
1293 3114
1294 4043
1294 4403
1294 5397
1296 2869
1297 6125
1297 8566
1298 3563
1298 4107
1298 4159
1299 2432
1299 7096
1299 7728
1300 1302
1300 2730
1300 7225
1301 2570
1302 1683
1302 2203
1302 5005
1302 8850
1303 3427
1303 5537
1304 3576
1304 5726
1305 1550
1305 3479
1305 9909
1306 4433
1306 5206
1306 7545
1306 8559
1306 9002
1307 2125
1307 8366
1308 1846
1308 2327
1308 4486
1309 1804
1309 5948
1309 6207
1309 6988
1310 2177
1310 2299
1310 3122
1310 4652
1310 6609
1310 6714
1310 8263
1311 7080
1311 8124
1313 3654
1313 6296
1313 6977
1314 2690
1314 4094
1314 6046
1314 6933
1314 8426
1314 9612
1315 4472
1316 3196
1316 7259
1317 1791
1317 5807
1317 9154
1318 4341
1319 2273
1319 4511
1319 9090
1321 4763
1322 2171
1322 2719
1322 6095
1322 7155
1322 8955
1323 5131
1323 6801
1324 4474
1325 3190
1325 4416
1325 4795
1325 5065
1326 8067
1327 4225
1327 7938
1327 8190
1327 8747
1328 1932
1328 4807
1328 5819
1329 6018
1329 9888
1330 1409
1330 6202
1330 9093
1331 6862
1331 7931
1331 8332
1331 9528
1332 4106
1332 4822
1332 4991
1332 5756
1332 6893
1332 9422
1332 9739
1333 6713
1333 7280
1333 8315
1333 8409
1333 9986
1334 1666
1335 2588
1335 4449
1337 4946
1337 9486
1338 3510
1338 6267
1338 9213
1339 2630
1339 6056
1340 3716
1340 3877
1340 6989
1340 7285
1341 9216
1342 2111
1342 2255
1342 4077
1343 4286
1343 5969
1344 3995
1344 4346
1345 3044
1345 6275
1345 8861
1346 5768
1347 9100
1348 3303
1348 9279
1348 9501
1349 3560
1349 8987
1350 7967
1351 3869
1351 8361
1352 1459
1352 4890
1352 5779
1352 5842
1352 7989
1353 5328
1353 9812
1355 3513
1356 1952
1357 3208
1357 5807
1357 5969
1358 4915
1358 6202
1358 9044
1359 4861
1359 5530
1359 6224
1359 6680
1359 8589
1360 1951
1360 6201
1360 7895
1361 5948
1361 7125
1361 8279
1362 2145
1362 3830
1362 6294
1363 5708
1363 7342
1364 4592
1364 9444
1365 2766
1365 6654
1365 8199
1366 2414
1367 7220
1367 8021
1367 9231
1368 2696
1368 5505
1368 5680
1368 6717
1369 2354
1369 3218
1369 6382
1370 4355
1370 8319
1371 5441
1371 7094
1371 7516
1372 7344
1373 2810
1373 3179
1373 4433
1373 7087
1374 5791
1374 7718
1374 9681
1375 7973
1376 2612
1376 6983
1377 2340
1377 4184
1377 9392
1378 3510
1378 5466
1378 8022
1379 2294
1380 3396
1380 6957
1380 8407
1381 3220
1382 4182
1382 4817
1382 4860
1383 4098
1383 5452
1384 2561
1384 3635
1384 8351
1385 2060
1385 5653
1385 9078
1386 7141
1387 4459
1387 4885
1387 5615
1388 2933
1388 5148
1389 1760
1389 6879
1389 8427
1389 8550
1389 8802
1390 1845
1390 2581
1390 3352
1390 4857
1390 8440
1391 2937
1391 4152
1392 5470
1392 8995
1393 2989
1394 7908
1394 8431
1395 1998
1395 3445
1395 7071
1395 8803
1396 2286
1396 8844
1397 2857
1397 3292
1397 3514
1397 9654
1398 3005
1398 3356
1399 8133
1400 1605
1400 2028
1400 5549
1400 8237
1400 8537
1400 9433
1401 1588
1401 3590
1401 4218
1401 5967
1401 6483
1402 6816
1402 9693
1403 5898
1403 6551
1404 2032
1404 3495
1405 9857
1406 5257
1406 7221
1406 7707
1406 9053
1407 2466
1407 4777
1407 4955
1407 6579
1407 9448
1408 5092
1408 5534
1409 5528
1410 7374
1411 3957
1412 4578
1412 8954
1413 3705
1413 4142
1413 8981
1414 2016
1414 3108
1414 4954
1414 8745
1414 9380
1415 4115
1416 8757
1417 5796
1419 3930
1420 2542
1420 6595
1420 7979
1420 8840
1420 9873
1421 1671
1421 3165
1421 5614
1421 6750
1421 9899
1424 3425
1424 6161
1424 6395
1425 2356
1425 9646
1426 3251
1427 1681
1427 4306
1427 6910
1429 3718
1429 7617
1429 7694
1429 9662
1430 6145
1430 9640
1431 3643
1431 7742
1432 5927
1432 7255
1433 3199
1433 5107
1434 1900
1434 4531
1434 5670
1434 7728
1436 1793
1437 4112
1437 4573
1437 8416
1438 1810
1438 2425
1438 3505
1438 5317
1438 8456
1438 8891
1438 9241
1439 6588
1440 2404
1440 8094
1441 3744
1442 2433
1442 3809
1442 3920
1443 7542
1443 9928
1444 2894
1444 5751
1445 1856
1445 3170
1445 3736
1445 4279
1445 6883
1446 3566
1446 4350
1446 8014
1446 8219
1447 1613
1447 8602
1448 2844
1448 8505
1450 2677
1450 9442
1451 1711
1451 2399
1451 2692
1451 4502
1451 5124
1451 5641
1452 4978
1452 6560
1453 6420
1453 9968
1454 3832
1454 5929
1455 1499
1455 2984
1455 5646
1455 9245
1456 9174
1457 6202
1458 4570
1458 5417
1458 5928
1458 6110
1459 5025
1459 8573
1460 3104
1460 5121
1461 6273
1461 6875
1461 9440
1462 6978
1462 9242
1462 9674
1463 5447
1463 9731
1464 3013
1464 3823
1464 9902
1465 2374
1465 3093
1465 4236
1465 5679
1465 6662
1466 5829
1467 4698
1467 6014
1467 7218
1467 9004
1468 6058
1468 6297
1468 8508
1468 9843
1469 4000
1470 2062
1470 5630
1470 6525
1470 8630
1471 1673
1471 5571
1471 9434
1473 2586
1473 8851
1474 2366
1474 5496
1474 8301
1475 1556
1475 1941
1475 5335
1476 2725
1476 6560
1477 3969
1477 7401
1477 8875
1478 4795
1478 4946
1478 7657
1479 3227
1479 5631
1479 7680
1479 9902
1480 3219
1480 7352
1480 7904
1480 8923
1481 4199
1481 7819
1481 8114
1482 2987
1482 4926
1482 7391
1482 8196
1483 6452
1483 6859
1484 3750
1484 5542
1484 5802
1486 8313
1487 4689
1487 4930
1487 6552
1487 8181
1487 8336
1488 1713
1488 2127
1488 4478
1488 4530
1488 5491
1488 9442
1489 2179
1489 2264
1489 5217
1489 5942
1489 6607
1489 9216
1490 1519
1490 1532
1490 2653
1491 1758
1491 4572
1491 8873
1492 8498
1492 9637
1493 3406
1493 6225
1493 6633
1493 7004
1493 8004
1493 9326
1494 2695
1495 1683
1495 7153
1495 9289
1497 4274
1497 5995
1497 6469
1497 7056
1497 7509
1497 9974
1498 6290
1498 9482
1498 9770
1499 1871
1499 2597
1499 5119
1499 8459
1499 9828
1501 2247
1501 6330
1501 6707
1501 7459
1502 6769
1503 3187
1503 3863
1503 9436
1504 2804
1504 7789
1505 7633
1505 9110
1506 3261
1506 4109
1506 8687
1507 6047
1507 9047
1508 2847
1508 4819
1508 5440
1508 9274
1509 7890
1509 8110
1510 1669
1510 2102
1510 5698
1511 1584
1511 2179
1511 4908
1511 5307
1511 6864
1511 8008
1512 3924
1512 5903
1512 6379
1512 7892
1512 8958
1513 2224
1513 3939
1514 3340
1514 6239
1514 9003
1514 9879
1515 3814
1515 6850
1516 8943
1517 4845
1517 5948
1518 4094
1519 4532
1519 6912
1520 3958
1520 4789
1520 8827
1520 9100
1521 5090
1521 8994
1522 8334
1523 6455
1524 2429
1524 3041
1525 2890
1525 7966
1525 8577
1526 2671
1526 6887
1527 7519
1528 7801
1529 2094
1529 3865
1529 8489
1529 9405
1531 1645
1531 1725
1531 2972
1531 4443
1531 9504
1533 3158
1533 9390
1534 5264
1534 9278
1535 6859
1537 2455
1537 3839
1537 7989
1537 9373
1538 3256
1538 7884
1538 9732
1539 2276
1539 5602
1540 6626
1540 7714
1541 8514
1542 2086
1542 4005
1542 5835
1542 6069
1542 7210
1543 1926
1543 6661
1543 9437
1544 5196
1544 8593
1544 9277
1545 4053
1546 6762
1546 9100
1547 5272
1547 9145
1548 9615
1549 1850
1550 5794
1550 8944
1551 6953
1551 7100
1552 5216
1553 5093
1553 6107
1553 8643
1554 7738
1554 8574
1555 3434
1555 4324
1555 7934
1556 8371
1556 9647
1557 1832
1557 2792
1557 3210
1557 3663
1557 6950
1558 2473
1558 6590
1559 4636
1559 7229
1559 7764
1559 9192
1559 9670
1560 3839
1560 5534
1560 7784
1561 3688
1562 2472
1562 7597
1562 9472
1564 4988
1564 7632
1565 3412
1565 4560
1565 5086
1566 1969
1566 6840
1567 3129
1567 3558
1567 4222
1567 4244
1567 7200
1567 9245
1567 9954
1568 7184
1569 1653
1569 3714
1569 5112
1570 3711
1571 3131
1571 7128
1572 2261
1572 2608
1572 3776
1572 7039
1572 7934
1572 9755
1573 2944
1573 4620
1573 6335
1574 4438
1574 7004
1575 5163
1575 8104
1575 9336
1576 2769
1576 7940
1576 8697
1577 1870
1577 9850
1578 7063
1578 9215
1579 4951
1579 9511
1580 6485
1580 7797
1580 8929
1581 2813
1581 5085
1581 8213
1582 9529
1583 3700
1583 4512
1583 4958
1584 5220
1585 3652
1585 3672
1586 2647
1586 7073
1586 8930
1588 2274
1588 6661
1588 8611
1588 9474
1589 2682
1589 6568
1590 3666
1590 5780
1590 7485
1590 7896
1591 4764
1591 7506
1592 1881
1594 3225
1594 7446
1594 8651
1595 2243
1595 3650
1595 4607
1595 5943
1595 9453
1596 4990
1596 8714
1597 7276
1597 7885
1597 8667
1598 6888
1598 8719
1598 9495
1599 4638
1599 6398
1599 8908
1600 5710
1600 6971
1601 3422
1602 5960
1603 4442
1603 5848
1603 7081
1604 3325
1605 2037
1607 1673
1607 7545
1607 8212
1609 8931
1610 2503
1610 5320
1610 5809
1610 6222
1610 8476
1611 2656
1611 3384
1611 5163
1611 6324
1611 7835
1612 1743
1612 3240
1612 5293
1612 5420
1612 9445
1613 7924
1613 8895
1614 5788
1614 8809
1615 3515
1615 3623
1615 8443
1615 8872
1616 2759
1616 5223
1616 5336
1616 6819
1617 3890
1617 5055
1617 6217
1618 7664
1619 1664
1619 5105
1619 8159
1620 4938
1620 4939
1622 2672
1622 3840
1622 4583
1622 4940
1622 6436
1623 1739
1623 5537
1623 7541
1624 4016
1625 3993
1625 4442
1625 4592
1626 8012
1626 9286
1626 9287
1627 4858
1628 2228
1628 2960
1628 6854
1628 9591
1628 9902
1630 1837
1630 4946
1631 2433
1632 4476
1633 1645
1633 5544
1633 6227
1634 1761
1634 2620
1634 3824
1634 4288
1634 5653
1634 9499
1635 6117
1635 7092
1636 4475
1636 5193
1636 5897
1636 9349
1637 2333
1637 2868
1637 7744
1637 9566
1638 8767
1638 9882
1639 3892
1639 7823
1639 8800
1640 3187
1641 3735
1641 3763
1641 7965
1641 8856
1641 9536
1644 2554
1644 7856
1644 8234
1645 5462
1645 7732
1645 9317
1646 4251
1646 4272
1646 7121
1647 2058
1647 4708
1647 4925
1647 5774
1647 8872
1648 7539
1648 8252
1649 2616
1649 5156
1649 6833
1649 8253
1649 8876
1650 4731
1650 5865
1650 6343
1651 4557
1651 6823
1651 8362
1652 2143
1652 7083
1652 8092
1653 2030
1653 6766
1653 9578
1653 9987
1654 6744
1655 2262
1655 6010
1657 1954
1657 2294
1657 2528
1657 8395
1658 2610
1658 8367
1660 9285
1661 1846
1661 3666
1661 3771
1661 4286
1661 6284
1661 7180
1661 7859
1661 8894
1662 5963
1663 3191
1663 9547
1664 3667
1664 6315
1664 9459
1665 2498
1665 2511
1665 4475
1665 7923
1665 8946
1665 9209
1666 4252
1666 6021
1667 4126
1667 4678
1668 1862
1668 2814
1668 9453
1669 5956
1669 6109
1670 2317
1670 3322
1670 4541
1670 6159
1671 8090
1671 8125
1671 8202
1672 2495
1672 7141
1673 2076
1673 5716
1673 7453
1673 9827
1674 1697
1674 4353
1674 9884
1675 8100
1675 9880
1676 2218
1676 4332
1676 5878
1676 8571
1677 3043
1678 8699
1678 9034
1679 1844
1679 2208
1679 5678
1679 6540
1679 8285
1679 9802
1680 3955
1680 5347
1680 5370
1680 7152
1681 3475
1681 4879
1682 5123
1682 8083
1682 9757
1683 6499
1683 6990
1685 4138
1686 4494
1686 5554
1686 7439
1686 8660
1687 1947
1687 9038
1688 7057
1689 3751
1689 4907
1689 5740
1689 6531
1689 8161
1689 9866
1690 2001
1690 4177
1690 6095
1690 7675
1690 8511
1691 2718
1691 5014
1691 8718
1692 3242
1692 8117
1693 1814
1694 6587
1695 3612
1696 4588
1696 6680
1696 6981
1697 3677
1697 3839
1697 4796
1698 3050
1698 9808
1699 4951
1699 7757
1700 2092
1700 3744
1701 2209
1701 6926
1701 8557
1701 8703
1702 2370
1702 6923
1703 6108
1704 7648
1705 2785
1705 5650
1705 8231
1706 3609
1706 7892
1707 4519
1708 1788
1708 3113
1708 3208
1708 3839
1708 5172
1708 6655
1709 4379
1709 5330
1709 6995
1710 5869
1710 8100
1712 4070
1712 4819
1712 5624
1712 7457
1712 7984
1713 8273
1714 1934
1714 2460
1714 5132
1715 2367
1715 2420
1715 7785
1715 9163
1716 3209
1716 6651
1716 9035
1718 2685
1718 2905
1718 3481
1719 2172
1719 3216
1720 2715
1720 3912
1720 9402
1721 2446
1721 3412
1721 5959
1721 7230
1722 7688
1722 9239
1723 8725
1723 8855
1723 9767
1725 2373
1725 3654
1725 4447
1725 4689
1725 9520
1726 2066
1726 4260
1727 2767
1728 4363
1728 4605
1728 8192
1728 9419
1728 9688
1729 4256
1729 6946
1729 6994
1729 8765
1730 8018
1730 9291
1731 1905
1731 3448
1732 5334
1732 7513
1732 7948
1732 9160
1733 2087
1733 2464
1733 3128
1733 4344
1733 5974
1734 1767
1734 2183
1734 2312
1734 2982
1734 9771
1735 3098
1735 5193
1735 6041
1735 6771
1735 7559
1735 9104
1736 5709
1736 6536
1737 3957
1737 8709
1738 4397
1738 4465
1738 6292
1738 7590
1739 7608
1740 5725
1740 6178
1740 9138
1741 2763
1741 3296
1741 3922
1741 4040
1741 8531
1741 9036
1741 9930
1743 4364
1745 1952
1745 3008
1745 5880
1746 6751
1747 3601
1747 4908
1747 5746
1747 7074
1747 9460
1747 9849
1748 2337
1748 8334
1748 9131
1750 4564
1750 9485
1752 2160
1752 3346
1752 5024
1752 6095
1752 9904
1753 1779
1753 1884
1753 5006
1753 7700
1754 2239
1754 2737
1754 6852
1754 9209
1755 4463
1755 7626
1756 2501
1756 2770
1756 4070
1756 5943
1757 9924
1758 3101
1758 4626
1758 7447
1758 8010
1759 1824
1759 5525
1759 6228
1760 4608
1760 7520
1761 5809
1761 8239
1762 2409
1762 3275
1763 9920
1764 3827
1764 4189
1764 4467
1764 7164
1765 1843
1766 5663
1766 7352
1767 5065
1768 2559
1769 4087
1769 8252
1771 2688
1771 3260
1771 9930
1772 1999
1772 3396
1772 7413
1772 9089
1773 1841
1773 2348
1773 6320
1773 8116
1774 9175
1775 2749
1775 4898
1775 4965
1775 7109
1775 8904
1775 9087
1776 2935
1776 5002
1777 9989
1778 9428
1779 3786
1779 6384
1779 9522
1780 3024
1780 3060
1780 3928
1780 6400
1780 6755
1780 9512
1781 2357
1783 2061
1783 2462
1783 2595
1783 3001
1783 9771
1784 4356
1784 5650
1784 6633
1784 6763
1785 4083
1786 5823
1786 9537
1787 8687
1788 3826
1789 2387
1789 2612
1789 5696
1789 5880
1790 1905
1790 2303
1790 2421
1790 2760
1790 2912
1790 4623
1790 9236
1790 9954
1790 9981
1791 8557
1792 2137
1792 5083
1792 6394
1792 7305
1792 8262
1793 1879
1793 2184
1793 3396
1794 3101
1794 3385
1794 4590
1794 6003
1795 4828
1795 9081
1795 9440
1796 2623
1797 1826
1797 1925
1797 4255
1799 1871
1799 6093
1799 7162
1799 9602
1801 3763
1801 7800
1802 3397
1802 4632
1802 5983
1802 7734
1802 9003
1803 1827
1803 6062
1803 7437
1803 9652
1803 9659
1804 4452
1805 3050
1806 2858
1806 5430
1806 6233
1806 6268
1807 4003
1807 4345
1808 1870
1808 8429
1809 4034
1810 3038
1810 4310
1810 6055
1810 7795
1810 8422
1811 4706
1811 7492
1812 1853
1812 4198
1812 6158
1813 2513
1813 6045
1814 4060
1814 5815
1814 8822
1815 3887
1815 5033
1815 5727
1815 8403
1816 3315
1816 4642
1817 9771
1818 3705
1818 4706
1818 5380
1818 7690
1818 8228
1818 8349
1819 2049
1819 2213
1819 6193
1819 7770
1820 3502
1820 4514
1821 3006
1821 4400
1821 6873
1822 4381
1822 9109
1822 9453
1823 3464
1823 3995
1823 9983
1824 2227
1824 5662
1824 6064
1825 2527
1825 3337
1825 3507
1825 8910
1826 2005
1826 3600
1826 8680
1826 8800
1827 4365
1827 4631
1828 6886
1829 4883
1829 7432
1829 7449
1829 9915
1830 6158
1830 6197
1832 3203
1832 3641
1832 4300
1832 7648
1833 2572
1834 5163
1834 7485
1834 7660
1835 2016
1835 2937
1835 3397
1835 5618
1835 8915
1835 9047
1835 9681
1836 2784
1836 4382
1836 5712
1836 7423
1836 9647
1836 9893
1837 4386
1837 8267
1838 2418
1838 5725
1838 7187
1839 8270
1840 3934
1840 7251
1840 8241
1840 8744
1840 9086
1841 6963
1841 7114
1841 7453
1841 9368
1841 9474
1842 2125
1842 2262
1842 5242
1843 2330
1843 7106
1843 9206
1844 2348
1844 6654
1845 5204
1845 7792
1845 8328
1845 9402
1846 3410
1846 3893
1846 4169
1846 7144
1846 9741
1847 4340
1847 5297
1847 6706
1848 2447
1848 3236
1848 7518
1849 2341
1849 3334
1849 5144
1849 5677
1850 6397
1850 6674
1851 2238
1851 2388
1851 2570
1851 5756
1851 8613
1852 2213
1852 4260
1852 6389
1852 7487
1853 1885
1854 4893
1854 7982
1855 9073
1855 9244
1856 4824
1856 5600
1856 8021
1857 6538
1857 8782
1857 9240
1858 8432
1859 2705
1860 2770
1860 4279
1860 8962
1861 3602
1861 4053
1861 7558
1861 8113
1862 6837
1862 7564
1862 7917
1862 8648
1863 4170
1863 6333
1863 7362
1864 2708
1865 4547
1866 2476
1866 4210
1866 7095
1866 9474
1867 1921
1867 5456
1867 7285
1868 3278
1869 4880
1870 2429
1870 7472
1871 8153
1872 2754
1872 3063
1872 3087
1872 8704
1872 9109
1873 3809
1873 4294
1873 4808
1873 8794
1874 3309
1874 8952
1875 3519
1875 4150
1875 4775
1875 5895
1876 5692
1876 7687
1877 2933
1877 4028
1877 8333
1878 4906
1878 7938
1879 9999
1880 3237
1880 4559
1880 8079
1881 2331
1881 8355
1881 8798
1882 4166
1882 9727
1883 3334
1884 8422
1885 3072
1885 4293
1885 6380
1885 6945
1885 9833
1886 4896
1886 5701
1887 7132
1887 8238
1888 4648
1888 6970
1889 5635
1889 9205
1889 9452
1890 2342
1890 2380
1890 6485
1890 7634
1890 9149
1891 2757
1891 3207
1891 6344
1892 3934
1892 5330
1892 5945
1892 8479
1892 9016
1892 9188
1893 3536
1893 4273
1893 6955
1894 2941
1894 7436
1894 9191
1895 2645
1895 3565
1895 4043
1895 4251
1895 8967
1896 3983
1896 8986
1898 1976
1898 3664
1898 4025
1898 5320
1898 7443
1899 6124
1900 8237
1901 5591
1902 2113
1902 4283
1902 6191
1903 4786
1904 4219
1905 3130
1905 5655
1906 3919
1906 9028
1907 1974
1907 6610
1907 6836
1908 4571
1908 4942
1908 5912
1910 4711
1910 5041
1911 3903
1911 4639
1911 7723
1911 8004
1912 4148
1912 5466
1912 6139
1913 5006
1913 6470
1914 3002
1914 9350
1915 2576
1915 3661
1915 8773
1917 7918
1918 4226
1918 7340
1918 8678
1918 9257
1919 2540
1919 4760
1920 2178
1920 5604
1920 5790
1920 9650
1921 4809
1922 5604
1923 2104
1923 6049
1923 6189
1923 9166
1925 8116
1925 9755
1926 3951
1926 8440
1926 8453
1927 2090
1927 3529
1927 3631
1927 5704
1927 5877
1927 7838
1928 3440
1928 5534
1928 7209
1928 8914
1928 9398
1929 8873
1930 2860
1930 4410
1930 5219
1931 3896
1931 9075
1932 2277
1932 7448
1932 9023
1933 9259
1933 9640
1934 2153
1934 3885
1934 4760
1934 5615
1935 3768
1935 6307
1936 2482
1936 7637
1938 6972
1938 9241
1939 3292
1939 5408
1939 7019
1939 8319
1939 8966
1940 6397
1941 4401
1941 6256
1941 9091
1941 9422
1942 2281
1943 2534
1943 2641
1943 3106
1943 4349
1943 5450
1943 8075
1944 3912
1944 6554
1945 4132
1945 7136
1946 4651
1946 8158
1946 8243
1947 3679
1947 8961
1948 6956
1949 2764
1949 5889
1950 2449
1950 3810
1950 7058
1951 4458
1951 6444
1951 7009
1952 4356
1952 6032
1953 5358
1953 8590
1954 7035
1955 6123
1956 3337
1956 6089
1956 6903
1956 8769
1957 3015
1957 4985
1957 7560
1957 7936
1957 9819
1958 4335
1958 9537
1960 2172
1960 5609
1960 6687
1960 9206
1961 3856
1961 8823
1962 6525
1962 7699
1963 2439
1963 2617
1963 8491
1964 2338
1964 2845
1964 3752
1964 3793
1964 6444
1964 6879
1964 8753
1964 9263
1965 3208
1965 6869
1965 7282
1965 8353
1966 4466
1966 8139
1966 8182
1967 4232
1967 9191
1967 9656
1968 5810
1968 9636
1969 2730
1969 4022
1969 8990
1969 9895
1970 2704
1970 3007
1970 4812
1970 7154
1970 9702
1972 5238
1972 6119
1974 4216
1974 5598
1974 9337
1975 5428
1976 2002
1976 3634
1976 4985
1976 5101
1977 8559
1978 6918
1979 4690
1979 9585
1980 2349
1980 6468
1981 2583
1981 3899
1981 8752
1981 8981
1982 2756
1982 3070
1982 7779
1982 8377
1983 3191
1984 4624
1984 7293
1984 7725
1985 5440
1985 8226
1986 5456
1986 6057
1986 6791
1986 8056
1987 4404
1987 8923
1988 4599
1988 4816
1988 9172
1989 4309
1990 6167
1990 8063
1991 7417
1991 9197
1992 2526
1992 3936
1992 4942
1993 4505
1995 2012
1995 6615
1995 6794
1995 9300
1996 7073
1997 4077
1997 9371
1998 2221
1998 4687
1998 4919
1999 8375
2000 6237
2000 7124
2000 7761
2001 2192
2002 7977
2003 4722
2003 5587
2004 5775
2005 2414
2005 5346
2005 8155
2006 4716
2006 5320
2006 6307
2006 8663
2007 5248
2007 5697
2007 7679
2007 7792
2007 9605
2008 2430
2008 3116
2008 3446
2008 4670
2008 5194
2008 7762
2010 6599
2010 7361
2011 5025
2011 5294
2012 9057
2013 4906
2013 6881
2013 8342
2015 2151
2015 2550
2015 4275
2016 5505
2016 7177
2016 8580
2017 3779
2018 4764
2019 7068
2019 7459
2020 3516
2020 5723
2020 7055
2022 3527
2022 3975
2022 7560
2024 3098
2024 3852
2024 8010
2024 8438
2025 7312
2026 2566
2026 3227
2027 2386
2027 9987
2029 4967
2030 2860
2030 4404
2030 5892
2030 6195
2030 6756
2032 2813
2032 6335
2033 4273
2033 5042
2033 5967
2033 7295
2035 3880
2036 5452
2037 8438
2037 9818
2038 4046
2038 4103
2038 7744
2038 8975
2039 2743
2039 9633
2040 2736
2040 5162
2041 4359
2041 7023
2041 7294
2041 8684
2042 3367
2042 4452
2042 4922
2043 6782
2044 4503
2044 7514
2045 6611
2045 6934
2045 9141
2046 4035
2047 2264
2047 3199
2047 4797
2048 6047
2048 6114
2049 3035
2049 3259
2049 4815
2051 2335
2051 4985
2051 8125
2052 6262
2053 2667
2053 3238
2054 7282
2054 7843
2055 3707
2055 8495
2056 3377
2056 7986
2057 2331
2057 8003
2057 8226
2057 9032
2057 9780
2058 2596
2058 2649
2058 9018
2059 8148
2059 8544
2060 7917
2060 9862
2061 2247
2061 3496
2061 4255
2061 4620
2061 8868
2062 4127
2062 6039
2062 7091
2062 8742
2063 4800
2063 7449
2063 9826
2064 4601
2064 5207
2064 7450
2064 8348
2064 9967
2066 3207
2066 5609
2066 9664
2067 4991
2070 2128
2070 3535
2072 5366
2072 7215
2072 8591
2073 8122
2074 5477
2074 6917
2074 6930
2075 2186
2075 7631
2075 8421
2075 9184
2076 3088
2076 7290
2076 8374
2076 8593
2077 2361
2077 3431
2078 5103
2078 5202
2078 5428
2080 6964
2081 8292
2081 9769
2082 3306
2082 8439
2082 9562
2084 2207
2084 6990
2084 8180
2085 8341
2086 5641
2087 2348
2087 4405
2087 5913
2087 9296
2088 2240
2088 4474
2088 5806
2089 6252
2089 7807
2089 9717
2089 9797
2090 3000
2090 5143
2090 6904
2091 9156
2092 2634
2092 2652
2092 3394
2092 3566
2092 7770
2092 9633
2092 9837
2093 4114
2094 6702
2095 2299
2095 5280
2095 5698
2095 5987
2095 6192
2095 8189
2096 3892
2096 5473
2096 7338
2097 2826
2097 3680
2097 8350
2098 7165
2098 8592
2098 9428
2099 3451
2099 3528
2099 5593
2100 3458
2100 5688
2100 8131
2100 8177
2100 9567
2102 4451
2102 4499
2102 6662
2102 8695
2102 9524
2103 6793
2103 7555
2104 3047
2105 4655
2105 6875
2106 2745
2106 6727
2107 3809
2107 9424
2108 7856
2109 3780
2109 4426
2109 8304
2109 8811
2110 7468
2110 7986
2111 5204
2111 9299
2111 9865
2112 2993
2113 6592
2113 7055
2113 7232
2114 3997
2114 5294
2114 8318
2115 2707
2115 3446
2115 3949
2115 4975
2115 6768
2116 8818
2117 5655
2118 2923
2119 5199
2119 9495
2120 2723
2120 4854
2120 5720
2120 5753
2120 6162
2121 2755
2121 5090
2121 6557
2122 4147
2122 5044
2122 5305
2122 5570
2123 7485
2123 7771
2124 4413
2124 6500
2124 9770
2126 8377
2126 9471
2127 4156
2127 5154
2127 6187
2127 6875
2127 7253
2127 7621
2129 2300
2129 7846
2131 4041
2131 5227
2131 9077
2131 9273
2132 3128
2132 3825
2132 4142
2132 4386
2133 2280
2133 3990
2133 4272
2134 2136
2134 8579
2135 7826
2136 5354
2136 7380
2137 6978
2137 8487
2138 4046
2138 6348
2139 9601
2139 9858
2140 5031
2140 5432
2140 7661
2141 4329
2141 6250
2141 7721
2141 9512
2142 9633
2143 4286
2143 5266
2143 7825
2144 5601
2144 5837
2144 6059
2144 6291
2144 6935
2145 3194
2145 6476
2145 9721
2146 2574
2146 4014
2147 4593
2147 7650
2148 7135
2148 9500
2148 9702
2149 5914
2149 9091
2151 2343
2151 4049
2151 4996
2151 9276
2151 9293
2152 4507
2152 5864
2152 5918
2152 7354
2153 3551
2153 3564
2153 5750
2153 6620
2153 8820
2153 9403
2154 2518
2154 2739
2154 3200
2154 4703
2155 2192
2155 5502
2155 6567
2157 3898
2157 5354
2157 6392
2157 6999
2157 7198
2158 7693
2158 9044
2158 9386
2159 3982
2159 4387
2159 7197
2159 9918
2160 4316
2160 5362
2160 5731
2162 2577
2162 4815
2162 8404
2162 8514
2163 5690
2163 9434
2164 9252
2165 7256
2166 8938
2167 7848
2167 7886
2167 8260
2168 2575
2168 4098
2168 6618
2169 5248
2169 6096
2169 9032
2170 9221
2170 9592
2171 2871
2171 9101
2171 9523
2172 2250
2172 4556
2172 6525
2172 7415
2173 2955
2174 6273
2174 9692
2175 4680
2175 8943
2175 9021
2175 9389
2176 3897
2177 5048
2178 2361
2178 2505
2178 3143
2178 6626
2178 7911
2178 8564
2179 3004
2179 8560
2180 9501
2181 3033
2181 4273
2181 5568
2181 7146
2181 8456
2182 7241
2183 7488
2184 5873
2184 9119
2185 3344
2186 7558
2187 8325
2187 8335
2188 3055
2188 8652
2188 8859
2189 4991
2189 8078
2190 4855
2190 9606
2191 2654
2191 9044
2192 3938
2192 7667
2192 7955
2192 9078
2193 2220
2193 2349
2193 2995
2193 3011
2193 4149
2193 4261
2194 2216
2194 2574
2194 9850
2195 4570
2195 5469
2196 4006
2196 5249
2196 5604
2197 6279
2197 7103
2197 8480
2197 8624
2198 4891
2198 7706
2198 7801
2199 6398
2202 2387
2202 5267
2203 5147
2203 6704
2205 3787
2205 5647
2206 2668
2206 3416
2206 6944
2207 4530
2207 4592
2207 5123
2208 3972
2208 9886
2209 4157
2209 9785
2210 4771
2210 9367
2211 5103
2211 6069
2212 2825
2212 3413
2212 5050
2213 9992
2214 3185
2214 7981
2215 5442
2215 6138
2215 6178
2215 7108
2216 3362
2216 4021
2216 4968
2216 5764
2216 8955
2216 9885
2218 4619
2218 7644
2219 7689
2220 2795
2221 3105
2221 5223
2221 8467
2221 9908
2222 2464
2222 4184
2222 4244
2222 5828
2222 8855
2223 2731
2223 6236
2223 7033
2223 8690
2224 5028
2224 7642
2225 4316
2225 4983
2226 3617
2226 3985
2226 8557
2227 2235
2227 4675
2227 7081
2228 2994
2228 3467
2228 3754
2228 8662
2229 2811
2230 2746
2230 5370
2230 7195
2230 9992
2231 2924
2232 3422
2234 8134
2234 8245
2234 8863
2236 6553
2237 8683
2237 8778
2238 7948
2239 7695
2240 3376
2241 5171
2241 5282
2241 8427
2242 3207
2242 7103
2244 6429
2244 6940
2244 9826
2246 6365
2246 8496
2246 9199
2247 2503
2247 3905
2247 4541
2247 7245
2248 2610
2248 2772
2248 5700
2249 3095
2249 6284
2250 3654
2250 6546
2250 8415
2251 4637
2252 9256
2253 6137
2253 8785
2254 4828
2254 7819
2256 2822
2256 3716
2256 3757
2256 4161
2256 4223
2256 9112
2256 9140
2257 5367
2257 7602
2259 2989
2259 3050
2259 3447
2259 5081
2259 5581
2259 5600
2259 8741
2260 8327
2262 2471
2263 5045
2264 2975
2264 6686
2266 2821
2266 3515
2266 6110
2266 8168
2266 9402
2266 9649
2266 9710
2267 8579
2267 9994
2268 6911
2268 8686
2269 4675
2269 5855
2269 8604
2270 5951
2271 4651
2271 5700
2271 8771
2272 8208
2273 6876
2274 2850
2275 3808
2275 4652
2275 8645
2275 9729
2276 2993
2276 7979
2278 3234
2278 4139
2279 5486
2280 5575
2282 2579
2282 3619
2282 5677
2283 8122
2283 9948
2284 5216
2284 7002
2284 8208
2285 2546
2286 3452
2286 7886
2286 9322
2286 9917
2287 3589
2287 3716
2287 9127
2287 9511
2288 5150
2288 9015
2289 4972
2289 6342
2289 8068
2289 9660
2290 4787
2290 6197
2291 8376
2291 8455
2292 2631
2292 3746
2293 2323
2293 5155
2293 6884
2294 4286
2294 5487
2294 6051
2295 3008
2295 5547
2295 6568
2295 6645
2296 4731
2296 7825
2296 7865
2296 8609
2297 6080
2297 6394
2297 7806
2298 2963
2298 6977
2299 6984
2299 7389
2299 8003
2299 8376
2300 2967
2300 7818
2300 8311
2300 8644
2301 8662
2301 9412
2303 5124
2304 2380
2304 2519
2304 3923
2304 6071
2304 7677
2305 6554
2305 7664
2305 8708
2306 2741
2307 3006
2307 9747
2308 3128
2308 3733
2308 5838
2308 8600
2309 2649
2309 9402
2311 2866
2311 8947
2311 9693
2312 6705
2313 5691
2313 8962
2314 7903
2315 3438
2315 5450
2315 5596
2315 5832
2315 6341
2315 6570
2315 8667
2316 6755
2317 4339
2317 7232
2317 7320
2318 3994
2319 2330
2319 6345
2319 8937
2319 9373
2320 5897
2320 8960
2320 9190
2321 3148
2321 3176
2321 4062
2321 7690
2322 6832
2322 7117
2322 7788
2323 2373
2323 3954
2323 4553
2323 8013
2323 9880
2324 5742
2324 6321
2324 7175
2324 9836
2325 7585
2325 8638
2326 3387
2326 3815
2326 8869
2327 2722
2327 4692
2327 7082
2327 7867
2327 8955
2328 2542
2328 4720
2328 9959
2329 2838
2329 2933
2329 3615
2329 6580
2330 6253
2330 7712
2331 4695
2332 3578
2332 3606
2332 4585
2332 6922
2332 9594
2333 3112
2333 3604
2333 4261
2333 4697
2333 6881
2335 3630
2335 5947
2335 6238
2335 6713
2335 8971
2335 9539
2336 2435
2336 7844
2336 9292
2336 9613
2337 3401
2337 3827
2337 5812
2338 3939
2338 4566
2338 5853
2338 7908
2339 5143
2340 8608
2341 4886
2342 3093
2342 3125
2342 4662
2342 6646
2342 8050
2342 8795
2343 3126
2343 3892
2343 6472
2343 7831
2345 5371
2345 6389
2345 8217
2346 6835
2347 9007
2348 2955
2348 6827
2349 2598
2349 7613
2350 3301
2350 9263
2351 3529
2351 5336
2351 9181
2351 9831
2351 9854
2352 2900
2352 4642
2352 6981
2352 7558
2353 3506
2353 3794
2353 3943
2353 4961
2353 5389
2353 6375
2353 6938
2353 8642
2354 4625
2355 7626
2355 8664
2357 5449
2358 2841
2358 4024
2358 4175
2358 9490
2358 9730
2359 3033
2359 7709
2360 8001
2360 8954
2361 3433
2361 7962
2361 8418
2361 9627
2362 7728
2363 3307
2363 4778
2363 6183
2363 6639
2363 7820
2364 8732
2365 3936
2366 3081
2366 7462
2366 7894
2369 3266
2369 4829
2369 6827
2370 6162
2370 9204
2371 3995
2371 7229
2371 7713
2371 8462
2371 8521
2371 8875
2371 9615
2372 5482
2373 3437
2373 9700
2374 4569
2374 6534
2374 7250
2374 8699
2376 7173
2376 7500
2376 9242
2378 5652
2378 6916
2379 3009
2379 6231
2379 7664
2380 4423
2381 2527
2381 5406
2381 5516
2381 7165
2381 9437
2381 9921
2382 3065
2382 3524
2382 3598
2382 7544
2383 3243
2383 7778
2384 8702
2385 3714
2385 8868
2386 2812
2386 6332
2386 7298
2387 4276
2387 6132
2388 6909
2388 9305
2390 2711
2390 8710
2391 6729
2393 5793
2393 8776
2393 9658
2394 3425
2394 5719
2394 7596
2395 2660
2395 9009
2396 2789
2396 3163
2396 6637
2397 3661
2398 6437
2398 7896
2398 9357
2398 9894
2399 5635
2399 8923
2399 9819
2400 7641
2401 2431
2401 9859
2402 3046
2402 3922
2402 4476
2403 3671
2404 4297
2404 6281
2404 8952
2404 9442
2405 8401
2405 9981
2406 3367
2406 4288
2406 5925
2407 7852
2408 4194
2408 5318
2408 7412
2408 9510
2409 5027
2409 6186
2409 7833
2410 4493
2411 4232
2411 6501
2412 7866
2412 9140
2413 2950
2413 5828
2414 2425
2414 7234
2415 4789
2415 6608
2415 8096
2418 6347
2418 7527
2418 9941
2419 3916
2419 4212
2419 4928
2419 5381
2419 9562
2420 3958
2420 4050
2420 5713
2420 5869
2420 7327
2420 7722
2420 8442
2421 6976
2421 8518
2423 3812
2424 9667
2425 3492
2426 6208
2427 3934
2427 6591
2427 7527
2429 5242
2429 5582
2429 6624
2430 7947
2430 8117
2430 8778
2430 9832
2431 5160
2431 5613
2431 7513
2431 8650
2432 6568
2433 7796
2433 9242
2433 9960
2434 2665
2434 5147
2434 6202
2434 8972
2435 5550
2435 7887
2435 7942
2437 6776
2437 8649
2438 4748
2438 5470
2438 5730
2438 9680
2439 5917
2440 8964
2441 3646
2443 5378
2443 6293
2443 7454
2443 8639
2444 4004
2445 6446
2446 4916
2446 7652
2447 3399
2447 7472
2448 6186
2448 6392
2449 2475
2449 3810
2449 4504
2449 6654
2451 8681
2452 7690
2453 4013
2453 9665
2453 9786
2454 3824
2454 8667
2455 7156
2456 5802
2456 8303
2456 9605
2457 3385
2457 8967
2460 5361
2461 4417
2461 6036
2461 6652
2463 3438
2463 7151
2464 3236
2464 7025
2464 7391
2464 8300
2465 3309
2466 2632
2466 3209
2466 9008
2467 8590
2468 4183
2468 5761
2468 5982
2469 4652
2469 5706
2470 5970
2470 8292
2470 8590
2471 6472
2471 7719
2472 5063
2472 6582
2473 4975
2473 7487
2474 7489
2474 8306
2475 4296
2476 2980
2476 3248
2477 3520
2477 4580
2477 6989
2477 8602
2478 8167
2479 3029
2479 7504
2480 5790
2480 9145
2481 5666
2481 6473
2481 6989
2481 9340
2482 3344
2482 6631
2483 4998
2483 6876
2484 9818
2485 2608
2485 7691
2486 5414
2486 6310
2486 6488
2487 5467
2489 4972
2489 6162
2489 6729
2490 3177
2490 3769
2490 4314
2490 5519
2490 6771
2490 7726
2490 8745
2490 9139
2490 9547
2491 5714
2491 9615
2492 3131
2492 5238
2492 7351
2492 9609
2493 3025
2493 5476
2494 2801
2494 3018
2495 5484
2495 8075
2496 7583
2497 4212
2497 5201
2498 5532
2499 9770
2500 8635
2500 8782
2501 3174
2501 5416
2501 9954
2502 2871
2502 4135
2503 3471
2503 3508
2503 4134
2503 5553
2503 7821
2503 9442
2504 3925
2504 6718
2504 7768
2504 9497
2504 9587
2505 4086
2505 6136
2505 7817
2505 8509
2506 9689
2507 3265
2507 9734
2508 2636
2508 4650
2508 4813
2508 5139
2509 3076
2509 7808
2510 7486
2510 8002
2511 3455
2511 8319
2512 2658
2512 3601
2512 4358
2514 3431
2514 7125
2514 7961
2515 8035
2515 8265
2515 8471
2516 5055
2517 3509
2517 6390
2518 8991
2519 2569
2519 5744
2519 7039
2519 9081
2520 3033
2520 3654
2520 7748
2521 2593
2521 7955
2523 5686
2523 5949
2523 7085
2524 2716
2524 3626
2524 9548
2525 3180
2525 8143
2526 4043
2526 5676
2526 7211
2526 8370
2526 8714
2526 9071
2526 9149
2528 5309
2528 9970
2530 6017
2531 6379
2531 6463
2531 9077
2532 7694
2533 5525
2533 6525
2534 4146
2534 5163
2534 6518
2534 8320
2534 8844
2535 2573
2535 3752
2535 4313
2535 4364
2535 4835
2535 4862
2535 5708
2536 4762
2537 2661
2538 5623
2538 5765
2538 8149
2538 9807
2539 2892
2540 3968
2540 4228
2540 7376
2540 8789
2540 9730
2541 4332
2542 5167
2543 3889
2543 7184
2543 7799
2544 3869
2544 6435
2545 5066
2546 5876
2547 4490
2548 4198
2548 6655
2549 3003
2549 5295
2549 6231
2549 7659
2549 9533
2550 2798
2550 6351
2551 5698
2553 7305
2554 7581
2554 8623
2555 7013
2555 8025
2555 8721
2556 3034
2556 3267
2556 4450
2556 6585
2556 8580
2557 4734
2557 6152
2557 7577
2557 7879
2559 8820
2560 7745
2561 7015
2561 7258
2562 7530
2563 4185
2563 9301
2564 7287
2565 7475
2566 9072
2567 6434
2568 5956
2569 7247
2570 3080
2570 7471
2571 3010
2571 6869
2572 5191
2572 9171
2573 8336
2574 3973
2574 6342
2574 6918
2574 7704
2575 8869
2576 4713
2576 8502
2578 5453
2579 2580
2579 4810
2579 8032
2580 5161
2580 8913
2581 2990
2581 7820
2583 2851
2583 3040
2583 5378
2583 6644
2584 6128
2585 3950
2585 4116
2585 7636
2585 8853
2585 9849
2586 9451
2588 5425
2588 6743
2590 4904
2591 3178
2592 4157
2592 7617
2592 9383
2593 4850
2593 9528
2593 9888
2594 4940
2594 5809
2594 8481
2595 4328
2595 6846
2595 7638
2596 8513
2596 9991
2597 7142
2598 3700
2598 8976
2599 5118
2599 6820
2599 7499
2599 8131
2600 5355
2600 8198
2601 3652
2601 4631
2601 6915
2602 3410
2602 4992
2603 3082
2603 3990
2603 6114
2604 4501
2604 5558
2605 5089
2605 5661
2605 8377
2605 9811
2606 8681
2607 8701
2607 9087
2607 9284
2607 9580
2608 9032
2608 9373
2609 2837
2609 5932
2609 8582
2610 3188
2610 6130
2610 7736
2610 8719
2610 9792
2611 8026
2612 4209
2613 3966
2614 6843
2616 4283
2617 4067
2617 6973
2617 7948
2617 9072
2618 7739
2619 3009
2619 4197
2619 7996
2620 3403
2620 5785
2620 7251
2622 4549
2622 6317
2622 6499
2623 2624
2623 6825
2624 7243
2625 3798
2625 6619
2625 8746
2626 3341
2626 3487
2626 5961
2626 6149
2626 7491
2627 3235
2627 5674
2627 8230
2628 3847
2628 5276
2628 8903
2629 3615
2629 5241
2629 5696
2630 4274
2630 4673
2630 6141
2630 6543
2630 7709
2630 7803
2630 8979
2630 9971
2631 4867
2631 8214
2632 3644
2633 8057
2634 5171
2634 5952
2635 3344
2635 4250
2635 6322
2636 3259
2636 4366
2637 7964
2637 8555
2638 4396
2638 4696
2638 5775
2638 9103
2639 3243
2639 4671
2639 8490
2640 7676
2640 9254
2641 2803
2641 4688
2641 6627
2641 7986
2643 4571
2644 2903
2644 3858
2644 8557
2645 6407
2645 6968
2647 4264
2647 7521
2648 5006
2648 8668
2649 4445
2649 9304
2650 6198
2651 3502
2651 4652
2651 4657
2651 6644
2652 2741
2652 2982
2652 7673
2654 5089
2654 5467
2654 8734
2655 3653
2655 3679
2655 6685
2655 7882
2656 4136
2656 6204
2656 9452
2657 8237
2658 7542
2658 7718
2658 7829
2659 3260
2659 4952
2659 9898
2660 2755
2660 5354
2660 7291
2661 5977
2662 6805
2662 8384
2663 4728
2663 9419
2663 9911
2664 2771
2664 3109
2664 8433
2665 6994
2666 3008
2666 8210
2667 9468
2669 3888
2670 7554
2672 7153
2672 8622
2672 8805
2673 3447
2673 7033
2673 7099
2673 7482
2673 9564
2674 5070
2674 8319
2675 4348
2675 8692
2676 8781
2677 5972
2677 8894
2677 9231
2678 4267
2678 4653
2678 7686
2679 5097
2679 8178
2679 9889
2680 2863
2680 4871
2680 5081
2681 4451
2681 5896
2682 3049
2682 3752
2682 4423
2683 7258
2684 3438
2684 8956
2686 3826
2686 6505
2687 6480
2687 7362
2687 8637
2688 9230
2689 4464
2689 4702
2689 7403
2689 7795
2690 2983
2690 3163
2690 5671
2690 8865
2690 9168
2690 9417
2691 8514
2691 8688
2692 4923
2693 3452
2693 6842
2693 9415
2694 3454
2694 4843
2694 9982
2695 9527
2696 8965
2697 2865
2697 4708
2697 8361
2697 8974
2697 8983
2700 4116
2700 5645
2700 6455
2700 6641
2700 9904
2701 3661
2701 4930
2701 5962
2701 7365
2702 5389
2702 5988
2703 4347
2703 5723
2704 2790
2705 2919
2705 6546
2706 4711
2708 5592
2709 5497
2709 9366
2710 8198
2711 5720
2714 7037
2714 9795
2715 2898
2716 4047
2716 6105
2717 4774
2718 8824
2720 8444
2720 9982
2721 3084
2721 6495
2721 9491
2722 2988
2722 5849
2722 9331
2723 3465
2723 6383
2724 3159
2724 5118
2724 6719
2724 6757
2724 7812
2725 5074
2726 6831
2726 9728
2728 8999
2728 9507
2729 3746
2729 8003
2729 8712
2729 9598
2730 2734
2730 6062
2730 8853
2730 8898
2730 9870
2731 7875
2732 4395
2732 5141
2732 7773
2733 4717
2733 4973
2733 7433
2734 3244
2735 6424
2735 8079
2736 5894
2736 6873
2736 9806
2737 9698
2738 5618
2738 6655
2739 4176
2739 4304
2740 4247
2740 4327
2740 4839
2740 5917
2740 7881
2741 3203
2741 3510
2742 4007
2742 7417
2742 7784
2743 4277
2743 7922
2744 2855
2744 2996
2744 8004
2745 3528
2745 8923
2745 8924
2746 6544
2746 7784
2746 9148
2747 3102
2749 5902
2750 3167
2750 4884
2750 9580
2750 9689
2751 6068
2751 6490
2753 4979
2753 8663
2754 5628
2754 5830
2754 7977
2754 9686
2756 7767
2757 4355
2758 3574
2758 6263
2758 6869
2758 7100
2758 7964
2758 7995
2758 9920
2759 9371
2760 3285
2760 3899
2761 5944
2761 7384
2763 3392
2763 8229
2763 9632
2763 9928
2764 6710
2764 7239
2765 9645
2765 9910
2766 3638
2766 6673
2766 7419
2767 4740
2767 5583
2768 5454
2769 9391
2770 3867
2770 5009
2770 6456
2770 7767
2770 7859
2770 9391
2771 8668
2772 3744
2772 6277
2772 8595
2772 9331
2773 4916
2773 5635
2773 9627
2775 4583
2775 5219
2776 6376
2776 8101
2777 3037
2777 4400
2777 5527
2777 7633
2777 9884
2778 6286
2778 6701
2779 6032
2779 9416
2780 8675
2781 4620
2781 8063
2781 8084
2781 8600
2782 4609
2782 6056
2782 8330
2783 4975
2783 9243
2785 3826
2786 4637
2786 5473
2787 3851
2787 4996
2787 6839
2787 6884
2787 8079
2788 3820
2788 4510
2788 5917
2788 7534
2790 5042
2791 6875
2791 9632
2792 5049
2792 8769
2793 4740
2794 4951
2794 5838
2794 6723
2794 7569
2795 5289
2796 6489
2797 6193
2798 6488
2798 7390
2798 7874
2799 7105
2800 3802
2800 4167
2800 9623
2801 3690
2801 8955
2802 7705
2802 7777
2802 7923
2803 2971
2803 6944
2804 7125
2804 7312
2804 7701
2805 5276
2806 4370
2806 5193
2806 6674
2806 8190
2806 8348
2807 5579
2807 7142
2808 3356
2808 3419
2808 7802
2809 7511
2810 2942
2810 7122
2811 5713
2811 9247
2812 5028
2812 5074
2813 4080
2813 7030
2815 5043
2815 9306
2816 7753
2816 9920
2817 6485
2818 4996
2818 8695
2818 9229
2818 9550
2819 5777
2819 8702
2819 9505
2819 9753
2821 7517
2822 3291
2822 4820
2822 6228
2824 4448
2824 6605
2824 9245
2824 9372
2826 4089
2826 8906
2827 6957
2828 3254
2828 7641
2828 9849
2830 9322
2831 4774
2831 7413
2831 9174
2831 9957
2832 8239
2832 8649
2832 9080
2832 9575
2833 2949
2833 5243
2833 8244
2833 8266
2833 9733
2834 4606
2834 6643
2835 3846
2835 6752
2835 7376
2835 7565
2836 8545
2837 5808
2839 3421
2839 8381
2839 8597
2839 8828
2840 5091
2840 7183
2840 8008
2841 6839
2842 4395
2842 6581
2842 9019
2844 4375
2844 5564
2844 7759
2845 6142
2845 7982
2845 9819
2846 4450
2847 4711
2848 3477
2850 9825
2851 5424
2851 9658
2852 3484
2852 5678
2853 3852
2853 6248
2853 7984
2853 8828
2853 9413
2854 3670
2854 5711
2854 7446
2854 7464
2855 6042
2856 8563
2858 6293
2859 5338
2859 9285
2860 4026
2860 7697
2861 3244
2861 5748
2862 5300
2862 5355
2862 6697
2862 9299
2862 9511
2863 4731
2864 3777
2864 8208
2865 3131
2865 8476
2865 8905
2865 9402
2867 5183
2868 9431
2869 5858
2869 6459
2870 8267
2871 6089
2871 6295
2871 8092
2871 8777
2872 5377
2872 9272
2872 9771
2873 5145
2873 7201
2873 7672
2874 4010
2874 4126
2874 7284
2875 4006
2876 6370
2877 9393
2878 9527
2878 9922
2879 9770
2879 9867
2881 6349
2881 7634
2882 5595
2882 8744
2882 8823
2883 2926
2883 9566
2885 5963
2885 6287
2885 8036
2886 3401
2886 4449
2886 6466
2886 8031
2887 2905
2887 8886
2887 9353
2888 4973
2888 7626
2888 8665
2888 9864
2889 5588
2892 2920
2892 4588
2892 7689
2893 5643
2894 5262
2894 8175
2894 9585
2896 5218
2896 5434
2897 5939
2897 8787
2898 6736
2899 3387
2900 4787
2901 3175
2901 4105
2901 8465
2901 8478
2901 8575
2901 9111
2902 3721
2904 4074
2904 4103
2904 6238
2904 8975
2905 3858
2905 4046
2905 4748
2905 5608
2905 6185
2905 6830
2906 7036
2906 7108
2907 4482
2907 5053
2908 3544
2909 3214
2909 7502
2910 6677
2910 9293
2911 6059
2912 8518
2912 9539
2913 7006
2913 7257
2913 8743
2915 3044
2917 5596
2917 7328
2917 9528
2918 3724
2918 4256
2918 7831
2918 9793
2920 3204
2921 5136
2922 5785
2922 6059
2922 6684
2922 6986
2922 9237
2923 5545
2924 9040
2925 6022
2926 4545
2926 5442
2926 6332
2927 5400
2927 8242
2928 5957
2928 9911
2929 4824
2929 5711
2931 5997
2931 6787
2931 6997
2931 8416
2932 8242
2933 2943
2933 8218
2934 6787
2935 4817
2935 9984
2936 3621
2937 7407
2937 7752
2938 9610
2939 3412
2940 6739
2940 8261
2941 7432
2942 3137
2942 5113
2943 5582
2943 9167
2944 3983
2944 8915
2944 9162
2945 3504
2945 4834
2945 5292
2945 9250
2947 6014
2947 9527
2948 7583
2949 3989
2949 7758
2950 5985
2950 6126
2950 8447
2951 7025
2951 7766
2951 9195
2953 4961
2953 5887
2954 6645
2955 9291
2955 9670
2956 3716
2956 5394
2956 6386
2958 7359
2958 8154
2959 4541
2959 6563
2959 6777
2959 8176
2960 5263
2961 8505
2962 4617
2962 4729
2962 5731
2962 6371
2964 3188
2964 4870
2964 5289
2964 6457
2964 9666
2965 7111
2966 4758
2967 4893
2967 5727
2968 4502
2968 9270
2968 9710
2969 6796
2969 6923
2970 7211
2970 7918
2972 7850
2973 4412
2973 6636
2973 7411
2973 7937
2973 8877
2974 5573
2974 6970
2976 5067
2976 5622
2977 3155
2977 3921
2977 5102
2977 8654
2977 9359
2978 4596
2978 6240
2979 5573
2979 8780
2979 9634
2980 6671
2981 5973
2982 7081
2982 7429
2983 5450
2983 8594
2984 3774
2984 8995
2984 9750
2985 4353
2985 6283
2985 9478
2986 5088
2986 9591
2986 9789
2987 3193
2987 5314
2987 7767
2988 6644
2990 6182
2990 7292
2990 7636
2990 9732
2991 6870
2992 7095
2992 7939
2994 6948
2994 7007
2995 7237
2996 5696
2997 4243
2997 5097
2997 9481
2998 4033
2999 6936
2999 9241
3001 5812
3001 8082
3002 4104
3002 4418
3002 6425
3003 5104
3004 3034
3004 4537
3005 4933
3005 8100
3005 9297
3006 6855
3007 7369
3007 9981
3008 5980
3008 8177
3009 9292
3011 5445
3011 5823
3011 6049
3011 6688
3012 6268
3012 7308
3012 7448
3013 5660
3013 5866
3013 6087
3013 7658
3014 9721
3015 6332
3016 7077
3016 9552
3017 3276
3017 5120
3018 5920
3019 3649
3019 4311
3019 6482
3020 5126
3020 7463
3022 4168
3022 5516
3023 8449
3024 5093
3025 6270
3025 6672
3025 8909
3026 3863
3026 5416
3026 6083
3027 3876
3027 7395
3027 7721
3027 8833
3028 5490
3028 5988
3029 7419
3029 7597
3030 4645
3031 3360
3032 5040
3032 5778
3032 8188
3032 9373
3033 3589
3033 3771
3033 5387
3033 5547
3033 6293
3034 7832
3035 6954
3036 6426
3036 6514
3037 3282
3038 7572
3039 3935
3039 7789
3040 7786
3040 8708
3040 9825
3041 3999
3041 5957
3041 8037
3041 8319
3042 3847
3042 4008
3042 4919
3043 6631
3043 6941
3043 8719
3043 9099
3044 6310
3044 7318
3045 4387
3045 9974
3046 3702
3046 8795
3046 9408
3047 8643
3048 3234
3048 4646
3048 9458
3049 8957
3050 5518
3051 5032
3051 5614
3051 5700
3052 3738
3052 4424
3052 8282
3052 8869
3053 3484
3053 8781
3054 3719
3054 5046
3054 5671
3056 3602
3056 4519
3056 6025
3056 7018
3056 7424
3056 7544
3056 9371
3057 5617
3057 9339
3059 3069
3059 5171
3059 5380
3059 6832
3059 7329
3060 3407
3060 7287
3060 7352
3060 9807
3061 5032
3062 4422
3062 9985
3063 4389
3063 7414
3064 3666
3064 3739
3064 4182
3064 4936
3064 6136
3064 7136
3064 7269
3065 7267
3066 7237
3067 5584
3067 5626
3067 7961
3069 3733
3069 7614
3069 8626
3070 7005
3071 8045
3071 9114
3072 3150
3072 3419
3072 9215
3073 6762
3074 4227
3074 5773
3074 5905
3074 9970
3075 5774
3076 5695
3076 5875
3076 6681
3077 3810
3077 6981
3077 7556
3078 3254
3078 6837
3078 8299
3079 3285
3079 4122
3079 4189
3079 4760
3079 5977
3079 8897
3080 4919
3080 6260
3081 3198
3081 3560
3081 4965
3081 5003
3081 6048
3081 6197
3082 7338
3083 3129
3083 5358
3084 7797
3087 3817
3088 4200
3088 4332
3088 5974
3088 8039
3089 4820
3089 9575
3089 9980
3090 4215
3090 4391
3090 7582
3091 3327
3091 9091
3092 6634
3093 9638
3094 3534
3094 4020
3094 8701
3094 9094
3096 7040
3096 8890
3097 3647
3097 7706
3098 8335
3099 5470
3099 9895
3100 4572
3100 4919
3100 8765
3101 7704
3101 8951
3102 6602
3102 7329
3105 6795
3105 8891
3106 9924
3107 6199
3107 7414
3108 6777
3109 3568
3110 7219
3111 5638
3112 3272
3112 4627
3112 4901
3112 7576
3112 8211
3112 9635
3113 7504
3113 8756
3115 5779
3116 4029
3116 6392
3116 8260
3117 6835
3117 9676
3117 9702
3118 4618
3118 7130
3118 9820
3119 3155
3120 3998
3120 7799
3120 7917
3121 3852
3121 8530
3121 9736
3122 4590
3122 6564
3124 5857
3124 7247
3125 3720
3125 6910
3125 8842
3126 6360
3126 9770
3127 3346
3127 7662
3128 3702
3129 4660
3129 6819
3130 3741
3130 5590
3130 5908
3130 6506
3130 6684
3131 6043
3131 8719
3133 3872
3133 4043
3134 3722
3135 3644
3135 4225
3135 5004
3135 8527
3136 6350
3136 6779
3136 9000
3137 4845
3137 6732
3137 8309
3137 8724
3137 9839
3137 9977
3138 4097
3138 7505
3138 9582
3139 6626
3139 7430
3140 6241
3141 4510
3141 7748
3141 8050
3143 3642
3143 6839
3143 7381
3143 7771
3143 8986
3144 4429
3144 6035
3144 7686
3145 5665
3145 9445
3147 4705
3147 8784
3148 4807
3148 5193
3148 5407
3148 8207
3149 4783
3149 6112
3149 7123
3149 8322
3149 9139
3150 4973
3150 6544
3151 7674
3151 8988
3152 3416
3152 8742
3152 8834
3154 7701
3154 9130
3155 5651
3155 7941
3156 5792
3157 4330
3157 7000
3157 8284
3158 6170
3158 9160
3159 3581
3159 8214
3159 9579
3160 6883
3164 8927
3165 8860
3166 3733
3166 9000
3167 7234
3167 8454
3168 6431
3168 9467
3169 7063
3170 7704
3170 7833
3170 9181
3171 5626
3171 7842
3171 8099
3172 4006
3173 4737
3175 5036
3175 6843
3176 4027
3176 4359
3176 5741
3176 6625
3177 3341
3177 3513
3177 4158
3177 4428
3177 4809
3177 5987
3177 7026
3177 8209
3177 8615
3177 8628
3179 3659
3179 4814
3179 4817
3179 9332
3180 6382
3180 7961
3181 3699
3182 3468
3182 8987
3182 9676
3183 3462
3183 3802
3187 7732
3189 8072
3190 6605
3190 6615
3190 9880
3191 6719
3191 8480
3191 10000
3192 3866
3192 7464
3193 9514
3194 9392
3196 8216
3197 6521
3197 9464
3198 3289
3198 9269
3199 6003
3199 9913
3202 4269
3202 8068
3203 3233
3203 3667
3203 4012
3203 9210
3204 5374
3204 6017
3204 7985
3204 9238
3204 9320
3204 9743
3206 5077
3206 5854
3207 5221
3207 8187
3208 8437
3210 4389
3210 6721
3210 7484
3210 7912
3210 9747
3211 5795
3211 6745
3211 7299
3211 8561
3211 9852
3212 5131
3212 6242
3213 4436
3213 6132
3214 6970
3214 8879
3215 3650
3215 3773
3215 6015
3216 4172
3216 5224
3216 8386
3216 8478
3217 6377
3217 6490
3219 5874
3219 8787
3220 7307
3220 9257
3221 6790
3221 9997
3223 5972
3223 8369
3224 3300
3224 6163
3226 3529
3226 3885
3226 9509
3227 9075
3227 9250
3228 3323
3228 5745
3228 5748
3228 6571
3228 7757
3228 9779
3229 5015
3229 5408
3229 7417
3229 9130
3230 6049
3230 8001
3231 4707
3231 4908
3231 6764
3231 6832
3231 8398
3233 3717
3233 5511
3234 5572
3235 7056
3235 7480
3236 6918
3236 7148
3236 8707
3237 5549
3237 7742
3238 6305
3238 6765
3238 8187
3239 9318
3240 4428
3241 3805
3241 4948
3242 8024
3243 4380
3243 6750
3243 9166
3244 5324
3245 6324
3245 9306
3246 5269
3247 3319
3247 3831
3247 5454
3247 6450
3247 9445
3248 6901
3248 8167
3249 4736
3249 8200
3249 9498
3250 7351
3250 8436
3250 9294
3250 9777
3251 8825
3252 4061
3253 3990
3253 6370
3253 9248
3253 9949
3254 7398
3255 5001
3255 7881
3256 4458
3256 7968
3256 8319
3256 8628
3256 9292
3257 6621
3257 9088
3258 6954
3258 9958
3259 4824
3259 7689
3259 7715
3260 9613
3260 9752
3261 5976
3261 8699
3262 4009
3262 7666
3263 4168
3263 9705
3264 5495
3264 6971
3265 3545
3265 4168
3265 6767
3265 7452
3266 5739
3266 9407
3267 4859
3267 5546
3267 7972
3267 8458
3268 3495
3269 3852
3269 4313
3270 3675
3270 4667
3271 4375
3271 4899
3272 7122
3272 8534
3273 5992
3273 6720
3273 8242
3273 8937
3273 9729
3274 3583
3274 3696
3274 8416
3275 7458
3275 8760
3276 5603
3277 4198
3277 4217
3277 4489
3277 5749
3277 8473
3277 9495
3278 6612
3279 6355
3280 9426
3282 6190
3282 6255
3283 3428
3283 6157
3283 6397
3283 8362
3284 5066
3284 5117
3284 7904
3284 8306
3285 4012
3285 4776
3286 4104
3286 6312
3287 8550
3288 3992
3289 4174
3289 6677
3289 7200
3289 8574
3289 8722
3290 4021
3291 6505
3291 8012
3292 3742
3292 8314
3293 3305
3293 6975
3293 7714
3293 8118
3294 4236
3294 4275
3294 5647
3294 7960
3294 8880
3295 6507
3295 7641
3296 8858
3297 8017
3298 5723
3298 9236
3299 6216
3300 7260
3300 7894
3301 3603
3302 6020
3304 3945
3304 7304
3305 3629
3305 3781
3305 6373
3305 8257
3305 9520
3306 6162
3306 9471
3307 8602
3307 9118
3307 9378
3308 4009
3308 9457
3309 9181
3311 8060
3312 3425
3312 6067
3315 5762
3315 6174
3315 6451
3315 6936
3316 3504
3316 6020
3317 3449
3317 3766
3317 8443
3317 8668
3318 4549
3318 5487
3318 9198
3319 3989
3319 8848
3319 9029
3320 3717
3321 7692
3322 4079
3322 5770
3324 6354
3324 7127
3324 8600
3325 3492
3325 5273
3325 7321
3325 7717
3326 3985
3327 3437
3328 4394
3328 5025
3328 7914
3329 5363
3330 7199
3331 6077
3332 4522
3332 9556
3333 5003
3333 9932
3334 4045
3334 8142
3335 3764
3336 5093
3336 8393
3337 4205
3337 7055
3338 7766
3339 3797
3339 4824
3340 4158
3340 6475
3340 7688
3340 8081
3341 3468
3341 7988
3342 7258
3342 9516
3343 7114
3344 4476
3345 5081
3345 8988
3345 9055
3346 6384
3346 7843
3347 3984
3347 4209
3347 9893
3348 6818
3349 3662
3349 4203
3350 5910
3351 3755
3351 8262
3351 9188
3352 4233
3352 5809
3353 3463
3353 7617
3354 8613
3355 5439
3355 5824
3356 6342
3356 7866
3357 3678
3357 4055
3359 6084
3359 6399
3360 5538
3360 9635
3361 6333
3362 3893
3362 5958
3362 6109
3362 6935
3362 9034
3362 9624
3363 4805
3363 8287
3364 5736
3366 6685
3366 7355
3366 7697
3367 4901
3368 4295
3368 6935
3368 9155
3369 4927
3369 7400
3369 8897
3372 3753
3372 4300
3372 5780
3372 8266
3373 5926
3374 3518
3375 4562
3375 5447
3375 6885
3375 8285
3375 8897
3376 9633
3377 5632
3377 6909
3377 7236
3377 7682
3378 4153
3379 4529
3380 9004
3381 7788
3381 9856
3382 6147
3383 4565
3383 7831
3384 4083
3384 4601
3384 6305
3386 8171
3386 9750
3387 5703
3387 9340
3388 6063
3390 4956
3390 5430
3391 3986
3392 3474
3393 6172
3394 7408
3394 8406
3395 4609
3395 5966
3395 9173
3395 9233
3396 4486
3396 4852
3396 7443
3396 7634
3397 5896
3397 7068
3397 8127
3399 3910
3399 4574
3399 5547
3399 6452
3399 7982
3399 9699
3400 7106
3401 4274
3402 9463
3402 9768
3402 9886
3402 9985
3403 6013
3403 7997
3404 3539
3404 4037
3404 8148
3406 9951
3407 5314
3408 6597
3408 8268
3408 8926
3409 4932
3410 3536
3410 4471
3410 7731
3411 5703
3412 5022
3412 7075
3413 3543
3414 6755
3414 9895
3416 8876
3416 9408
3417 4057
3417 5958
3417 6343
3417 8714
3418 3981
3419 8554
3420 3675
3420 4864
3420 6052
3420 7075
3420 7984
3420 9986
3422 4984
3422 5620
3422 5752
3422 5828
3422 6553
3422 7025
3422 7580
3423 8158
3424 3991
3424 4041
3424 4310
3424 6846
3424 8543
3424 8563
3425 3724
3425 4145
3425 5219
3425 9359
3427 6850
3427 6923
3428 5457
3428 7503
3428 7952
3428 8517
3431 4366
3431 4591
3431 4904
3432 8654
3433 4680
3435 7602
3435 8028
3435 8348
3435 9264
3436 4317
3436 4501
3436 6465
3436 6526
3437 3900
3437 4808
3437 7770
3438 5269
3438 5439
3438 5963
3438 8938
3439 9793
3440 7879
3441 5021
3444 4417
3444 7742
3444 9160
3445 9255
3446 4342
3446 5225
3446 7808
3447 5638
3448 6098
3449 4280
3449 8158
3450 3857
3450 4909
3450 5525
3450 9380
3451 3463
3451 4100
3451 5876
3451 9792
3452 3812
3452 7545
3452 8893
3453 4797
3453 6188
3453 7648
3455 5670
3455 6807
3455 9963
3456 9896
3458 6887
3458 7213
3459 8552
3460 5762
3461 7775
3461 8342
3462 9436
3463 4819
3463 6531
3464 7596
3464 8940
3465 4840
3465 5412
3465 5734
3465 5878
3465 6391
3465 8155
3466 3966
3466 8089
3467 4297
3467 7181
3467 8908
3467 9293
3468 3931
3469 5098
3469 6982
3469 8216
3469 9165
3469 9896
3470 4145
3470 4562
3470 6556
3470 7155
3471 5752
3471 6976
3471 8861
3472 6609
3472 7448
3472 8014
3472 9961
3473 3920
3473 6138
3474 4775
3474 6027
3474 9180
3475 5815
3475 9405
3476 4284
3476 7822
3477 3855
3477 7970
3477 8122
3477 9272
3478 7273
3478 8277
3478 9989
3479 8068
3481 5643
3481 5687
3481 7072
3482 4592
3482 9741
3483 5950
3483 6502
3483 9736
3484 4410
3484 5929
3484 9944
3485 8538
3485 8992
3486 3720
3486 7345
3487 3906
3487 8190
3487 8840
3487 9461
3489 5028
3489 6567
3489 8012
3490 3723
3490 8118
3491 6947
3492 3818
3492 6608
3493 5596
3493 8072
3494 8936
3495 6943
3495 9870
3496 6934
3496 9319
3497 5661
3497 7192
3497 8209
3498 6765
3498 9610
3499 3964
3499 5647
3500 3652
3501 8541
3503 3895
3503 6307
3503 6421
3503 9286
3504 8153
3504 8912
3505 6239
3505 9319
3506 3544
3506 6601
3506 7353
3507 4402
3507 8727
3509 6333
3509 6806
3510 5293
3510 7278
3510 9145
3511 9097
3511 9705
3512 5032
3512 5892
3512 8932
3514 4830
3515 7753
3516 5132
3516 6422
3516 7783
3516 8177
3517 4085
3517 4726
3517 5489
3517 6571
3517 8222
3517 8433
3517 9045
3518 4349
3519 3940
3519 7979
3519 9606
3520 4191
3520 8174
3520 8697
3521 3708
3521 5104
3522 5178
3522 7332
3523 8602
3525 6145
3526 5079
3528 7966
3529 7700
3529 7970
3529 8606
3531 4566
3531 4575
3531 9459
3531 9969
3532 4768
3532 8619
3532 8732
3532 9929
3534 5623
3535 4538
3536 4945
3536 5533
3536 7835
3536 8241
3536 8995
3537 3781
3537 4186
3537 7544
3537 9550
3538 6011
3538 7450
3539 7170
3539 8632
3540 5150
3540 8900
3540 9328
3541 5251
3542 4714
3543 4193
3543 5989
3544 4362
3544 5550
3544 6673
3544 9302
3545 6643
3547 4397
3550 4242
3550 4499
3550 8224
3550 9400
3551 3704
3551 4798
3552 4767
3552 6107
3552 8428
3553 4455
3553 5542
3553 7488
3553 8056
3553 8414
3554 3929
3554 9148
3554 9464
3555 7298
3556 4340
3556 6178
3556 6596
3557 8455
3557 9943
3558 4002
3558 6381
3559 7451
3559 8412
3559 9197
3560 5997
3560 7893
3561 6278
3562 4224
3562 5011
3562 5532
3562 6034
3563 4778
3564 7847
3564 8153
3564 8913
3565 6668
3565 6862
3565 9489
3566 9730
3569 5324
3569 5358
3570 4560
3570 4613
3571 3946
3571 8039
3572 4165
3572 8951
3574 3901
3574 5101
3574 8381
3576 5599
3577 4141
3577 4444
3577 5622
3577 6328
3577 7852
3578 4759
3581 4183
3581 7061
3581 9208
3582 5327
3583 4520
3583 5180
3583 7240
3583 8631
3584 4513
3584 7118
3585 6506
3585 7781
3586 8195
3587 4459
3588 5300
3588 5885
3588 9232
3588 9859
3589 7237
3591 3979
3591 4584
3591 5788
3591 7992
3591 8477
3592 6293
3592 7608
3592 7719
3592 8751
3593 3877
3593 4252
3593 4630
3594 5209
3594 6254
3594 7109
3594 8963
3595 9712
3596 3882
3597 4467
3597 6026
3597 6926
3597 8144
3598 3727
3598 3906
3598 5165
3598 9725
3599 4286
3599 6253
3599 9312
3600 6999
3601 4572
3601 4983
3601 5213
3603 6596
3603 9001
3605 4983
3605 5608
3605 7732
3606 6613
3607 3956
3607 4302
3608 4693
3608 6413
3608 7098
3610 8007
3610 9446
3611 4545
3613 4466
3613 5194
3614 4632
3614 8380
3615 4806
3615 4818
3615 5903
3615 8815
3615 9332
3616 7479
3616 8183
3617 8409
3618 3656
3618 5758
3619 3699
3619 8688
3621 9751
3622 5200
3622 9111
3623 4168
3623 7996
3624 8096
3624 8490
3625 7407
3625 8182
3625 8517
3625 9689
3627 4831
3627 5995
3628 8523
3628 9953
3629 4771
3629 4851
3629 5890
3630 8893
3630 9574
3631 4722
3631 8380
3631 9023
3632 7710
3634 8003
3635 9836
3636 6421
3636 7166
3636 8562
3636 8879
3637 4328
3637 5728
3638 8260
3638 9495
3641 7068
3642 3809
3642 6424
3642 7924
3643 4107
3643 7926
3645 3661
3645 4371
3646 4488
3646 6840
3648 7995
3649 5833
3649 7323
3649 7436
3649 8132
3650 9965
3651 6889
3651 9017
3651 9154
3652 3851
3652 3991
3652 5419
3653 3857
3653 4491
3653 9605
3654 8033
3654 9851
3655 4459
3655 8142
3656 8422
3656 9235
3657 6732
3657 8202
3658 9116
3659 4329
3659 6028
3660 4333
3661 4727
3662 4117
3662 6215
3662 6689
3663 3852
3663 6537
3664 6423
3664 8684
3665 4872
3665 8991
3666 3891
3666 6321
3666 7486
3669 4871
3669 7311
3669 9370
3670 5518
3671 5170
3671 9281
3673 7138
3673 9940
3675 3769
3675 5062
3675 6199
3675 9756
3676 5516
3676 6449
3677 7666
3678 3786
3678 4201
3678 4644
3678 8562
3680 7435
3681 4675
3681 5056
3681 7975
3681 8341
3682 4158
3682 4574
3682 4801
3682 5770
3682 7334
3683 7398
3683 7910
3684 6823
3684 8177
3684 9184
3687 3688
3687 8415
3688 9960
3690 3882
3690 4783
3690 8372
3690 8374
3691 4292
3691 7488
3691 8902
3691 9044
3691 9478
3692 8287
3692 9002
3693 3698
3693 5103
3693 6102
3693 6149
3694 7549
3694 8831
3695 4343
3695 4726
3695 9480
3696 4766
3696 6253
3696 8852
3697 5982
3697 6132
3697 8354
3698 3760
3698 8041
3698 8433
3698 9742
3698 9784
3699 4902
3700 9865
3702 4234
3702 6997
3702 7254
3703 4048
3703 7541
3703 8408
3705 4158
3705 6633
3705 9046
3706 7695
3707 8571
3707 9546
3708 9738
3709 7260
3709 7500
3709 9021
3710 7375
3711 8471
3713 4624
3713 4804
3713 8212
3713 9971
3714 4051
3714 6866
3714 7022
3714 7023
3714 8301
3715 5984
3715 9837
3716 5928
3716 6129
3716 8316
3716 8354
3717 4230
3718 5623
3718 8668
3719 6973
3719 7705
3720 4037
3720 4200
3720 5114
3721 3735
3723 5300
3723 8915
3724 7268
3725 7418
3726 4875
3726 8716
3727 4896
3727 7672
3727 9442
3728 3927
3728 4909
3728 8472
3729 4171
3729 6487
3730 7460
3733 7001
3734 4114
3735 5121
3735 7068
3735 9750
3736 7639
3737 5630
3737 6002
3737 8229
3738 4577
3738 4627
3738 8012
3739 7761
3739 9607
3740 6607
3740 7244
3742 6212
3742 7838
3743 4049
3743 7545
3744 7459
3745 4170
3746 4601
3746 5783
3747 5776
3747 8927
3748 6865
3749 5578
3749 9547
3751 6064
3751 8170
3751 8430
3752 4563
3753 3781
3753 5473
3753 9786
3754 4025
3755 5163
3755 8145
3755 9174
3756 4251
3756 4809
3757 4300
3757 5963
3757 7879
3757 8441
3758 5010
3759 6069
3759 8021
3759 9250
3760 7855
3761 4109
3761 6206
3761 7418
3762 4584
3762 6783
3762 8244
3762 8823
3762 8839
3763 5691
3763 5928
3765 6476
3766 5091
3768 7271
3769 5667
3771 8434
3771 9527
3772 6892
3773 7761
3774 6137
3775 5997
3776 8574
3779 6052
3779 7892
3779 9022
3780 4697
3780 4749
3780 6158
3780 6542
3781 3804
3781 5608
3782 5523
3782 6634
3782 7800
3782 8729
3782 8837
3784 6420
3784 8051
3784 8340
3784 9669
3785 3830
3785 4472
3786 6729
3786 6902
3787 7817
3788 5000
3788 6926
3788 7310
3789 7328
3789 8761
3790 6315
3791 5294
3791 6763
3791 8297
3792 5377
3792 7622
3793 7806
3794 3844
3796 7480
3796 8524
3798 8990
3799 4279
3799 8407
3799 8690
3800 4373
3800 4468
3800 4970
3800 6888
3801 6177
3802 5618
3802 6381
3802 8000
3803 7182
3804 3867
3804 6861
3805 6426
3805 9022
3807 5329
3807 5493
3807 5615
3807 5996
3807 6043
3807 9916
3808 3887
3808 9114
3809 4596
3809 6398
3811 5352
3811 9065
3812 5082
3812 6374
3813 7987
3814 6146
3815 5146
3815 9952
3816 6120
3817 4070
3817 4193
3817 5417
3818 7330
3818 9434
3818 9537
3818 9733
3819 7530
3819 8371
3819 9433
3819 9673
3820 8424
3820 8533
3821 6515
3821 6778
3822 4155
3822 5830
3822 6097
3822 8296
3822 9396
3824 4881
3824 8389
3826 8727
3826 9385
3826 9602
3827 7489
3827 7669
3827 8713
3827 9307
3828 6418
3829 7889
3830 4242
3830 8670
3831 6414
3833 7244
3833 7500
3834 5533
3834 6309
3834 9062
3835 5267
3835 6706
3836 3890
3836 6700
3836 7713
3836 8849
3837 4141
3837 6613
3838 9109
3839 4889
3839 6739
3841 4298
3841 5762
3841 6009
3841 8343
3841 8457
3842 6377
3843 4336
3843 6072
3843 9880
3845 9293
3846 4751
3846 5243
3846 5523
3846 7742
3847 4987
3848 6223
3848 9077
3849 5405
3849 6166
3849 9094
3849 9983
3850 7195
3850 8180
3851 4434
3851 6661
3851 9746
3852 3871
3852 4172
3852 5768
3853 4575
3853 5287
3853 8724
3854 5717
3854 7589
3854 7642
3855 4228
3856 4927
3856 7595
3856 9556
3857 6833
3858 4849
3858 5730
3858 8391
3859 5625
3859 5938
3859 8909
3861 7093
3861 7809
3861 8709
3862 9054
3863 5338
3863 6681
3863 6847
3864 5800
3864 7116
3865 7168
3865 7676
3866 4509
3868 5382
3868 9659
3869 9491
3871 5339
3871 5824
3872 6478
3872 6958
3872 9176
3873 9227
3874 6157
3874 8454
3874 8922
3875 6431
3876 7545
3877 8224
3878 9486
3879 4137
3879 5371
3880 5305
3880 5933
3881 6674
3881 7084
3881 7446
3881 7716
3882 5079
3882 7289
3882 7445
3882 9665
3884 5500
3885 7892
3886 8073
3886 9131
3888 4141
3888 4901
3889 3978
3889 6753
3889 6951
3890 5560
3890 5634
3891 4558
3891 5033
3891 6946
3892 6729
3893 5124
3894 7291
3895 4115
3895 7675
3895 8826
3897 6746
3897 8380
3897 9212
3898 6351
3899 6222
3899 8051
3900 7103
3900 8369
3901 7473
3901 8393
3901 9825
3902 5450
3902 5792
3905 4782
3905 9301
3906 7558
3907 6937
3907 7281
3908 5984
3908 6547
3911 9827
3912 8580
3912 9414
3913 8979
3913 9513
3913 9671
3914 9206
3915 4781
3915 7317
3915 9038
3915 9526
3917 4460
3918 4964
3918 9039
3918 9233
3919 9463
3919 9803
3920 5563
3921 6751
3921 8885
3922 5558
3922 6538
3922 7033
3922 7340
3922 9440
3923 7683
3924 4465
3924 8019
3924 9042
3925 4600
3925 5112
3926 4196
3926 4251
3926 7139
3928 4225
3928 5323
3928 7664
3928 8226
3928 8664
3928 9353
3929 7476
3930 6198
3930 7985
3931 5428
3931 6951
3931 8910
3932 6831
3932 7656
3932 8551
3933 5603
3933 7487
3933 8711
3933 8714
3934 5843
3934 6309
3935 4102
3935 5664
3935 6591
3935 6803
3936 5932
3937 6774
3938 8030
3938 9978
3939 8689
3940 6730
3940 8604
3941 4362
3941 4793
3941 9674
3942 5867
3942 6469
3942 6546
3943 6884
3944 9089
3944 9916
3945 4797
3946 8532
3947 4824
3949 4247
3950 6765
3950 7028
3950 8225
3951 6086
3951 6736
3952 4231
3952 7853
3953 8076
3955 6556
3955 8633
3956 6527
3957 4737
3959 5619
3959 6192
3959 7033
3959 7706
3965 9762
3966 5407
3966 7542
3966 8165
3967 7895
3967 9132
3968 4543
3968 6743
3969 7179
3970 5219
3970 8552
3970 8880
3971 6200
3971 6583
3971 9640
3972 6573
3972 9723
3974 4174
3974 4413
3974 5430
3974 8324
3975 4995
3975 6682
3976 5249
3977 4053
3979 6003
3980 7369
3981 4184
3981 5805
3981 6773
3982 4626
3982 5165
3982 6965
3982 7344
3982 7354
3982 8464
3983 5199
3983 5381
3983 5495
3985 6907
3985 9233
3986 5069
3986 5353
3986 5438
3986 7210
3987 4582
3987 4985
3988 5353
3988 7381
3990 7336
3990 8012
3991 5840
3991 6764
3991 6956
3992 4073
3994 6764
3994 7252
3994 7431
3994 7433
3994 8178
3994 8396
3995 5228
3997 7715
3998 5211
3998 6151
3998 7349
3999 8500
4000 8888
4001 5617
4001 5721
4001 6026
4001 7613
4002 8988
4002 9098
4003 4387
4003 6628
4003 8710
4004 8403
4004 9438
4005 7308
4006 7876
4007 4445
4008 5579
4008 6302
4008 9376
4009 4189
4009 5098
4010 5278
4011 7607
4011 7865
4011 9025
4012 4084
4012 4328
4013 7410
4014 5639
4014 8744
4014 8991
4015 9499
4016 5765
4016 7685
4016 9164
4017 5619
4017 5955
4018 5657
4018 6124
4018 7877
4019 6106
4019 6929
4020 7844
4020 8903
4021 4844
4021 5400
4021 7311
4021 7915
4021 9904
4022 4979
4022 6059
4022 7563
4023 5144
4023 9427
4024 9843
4025 6245
4026 4840
4027 6624
4027 9071
4028 7343
4028 9043
4029 4213
4029 4474
4030 9495
4031 4208
4032 4868
4032 5666
4032 7163
4033 4470
4034 5379
4034 7487
4036 7629
4036 9033
4037 5708
4037 6945
4038 7623
4039 8771
4040 4139
4040 5004
4040 5592
4040 7208
4041 7348
4041 7443
4041 8449
4041 8464
4041 9059
4042 5268
4045 9093
4046 7495
4047 4542
4047 4757
4047 5878
4048 4401
4048 4968
4048 7042
4050 8697
4050 9202
4051 5215
4053 4641
4053 7336
4053 8602
4055 8236
4055 8383
4055 8543
4056 7369
4057 6625
4060 6383
4060 8315
4060 9093
4061 8070
4062 5488
4062 5525
4062 7669
4062 8230
4063 5941
4063 7720
4064 8711
4065 4519
4065 8341
4066 6251
4067 4136
4067 4176
4067 4374
4067 8942
4068 5074
4068 6396
4068 7528
4068 8605
4070 5484
4070 7207
4071 7534
4071 9759
4072 4267
4072 5315
4072 6040
4073 9645
4074 6100
4074 7802
4075 4991
4075 8601
4076 4304
4076 5762
4076 6403
4076 8249
4076 8741
4076 9816
4077 7128
4077 7464
4078 9009
4079 5469
4079 5878
4081 4503
4081 8042
4082 6032
4083 5014
4083 7155
4083 8952
4084 4778
4084 5628
4084 8651
4084 8857
4085 5239
4086 9510
4089 9364
4089 9551
4090 9610
4091 4570
4091 4881
4091 5242
4091 5494
4091 7205
4092 5085
4092 5300
4093 4128
4095 8537
4096 5991
4096 8757
4096 9504
4096 9754
4097 4405
4097 4820
4100 6973
4100 8887
4100 9856
4101 6523
4101 6934
4101 9344
4103 8537
4104 5100
4104 6675
4105 6291
4105 7766
4106 6606
4107 6139
4107 6735
4108 7545
4109 5901
4109 8031
4109 9087
4110 5256
4110 5519
4111 7576
4113 6046
4114 7843
4115 4153
4115 5262
4115 6506
4115 9499
4116 8324
4117 4905
4117 7850
4118 5229
4118 6294
4119 6493
4120 5641
4120 6937
4121 5313
4121 7542
4121 9683
4122 7204
4122 9512
4122 9530
4125 7207
4125 8204
4126 6845
4127 6500
4127 8284
4127 9272
4128 5153
4128 6310
4128 7487
4128 7711
4129 4693
4129 6400
4130 4409
4130 9119
4130 9404
4131 5780
4131 7396
4131 7950
4131 8620
4132 4548
4132 5031
4132 9301
4133 4190
4133 9172
4134 5024
4134 6233
4134 9717
4135 9665
4136 7255
4136 8997
4137 8889
4138 5594
4138 8260
4138 8647
4139 5734
4139 8358
4139 9245
4140 7230
4140 8876
4141 9080
4142 9918
4143 4500
4143 5002
4143 7756
4143 8267
4144 6754
4144 7035
4146 6482
4146 8191
4146 9630
4147 6255
4148 6930
4148 9899
4149 4271
4149 5618
4149 8523
4150 4541
4150 5700
4150 9812
4151 8795
4151 9230
4152 7562
4152 8882
4152 9895
4153 7623
4153 8080
4153 9864
4155 4937
4155 5095
4155 8920
4155 9127
4156 8334
4157 4994
4157 9073
4157 9647
4158 7581
4158 8222
4159 7403
4160 5114
4160 5261
4161 5112
4161 8182
4162 7056
4162 9773
4164 5446
4164 9253
4165 5430
4165 8714
4165 8736
4166 4300
4166 5606
4166 5910
4166 7607
4167 6244
4167 7219
4167 8320
4168 4322
4168 7907
4168 9538
4169 6257
4171 6317
4172 8869
4172 9566
4173 9373
4174 4698
4174 4945
4174 7968
4174 8920
4175 5441
4175 8170
4176 5715
4177 5011
4177 9353
4178 4189
4178 8587
4179 5669
4180 4601
4181 4638
4181 8714
4181 9606
4181 9909
4182 4810
4184 4409
4184 4442
4184 4939
4184 8173
4185 7495
4185 7789
4185 7862
4185 9136
4185 9162
4186 5346
4186 7311
4186 8296
4188 5222
4188 5519
4188 8021
4188 9444
4189 7162
4190 6202
4190 8137
4191 7204
4191 8567
4192 9639
4193 5063
4194 5561
4194 8874
4194 9698
4194 9761
4195 7463
4196 4683
4196 5623
4196 6342
4197 5635
4197 5727
4198 5191
4198 7560
4198 8751
4199 6559
4200 5956
4200 6312
4200 7411
4201 5348
4201 8831
4201 9166
4202 4596
4202 4796
4202 5119
4202 9950
4203 4408
4203 4630
4203 7383
4203 8591
4204 9046
4204 9733
4205 5513
4205 9441
4206 5975
4206 9631
4207 8367
4207 9116
4207 9408
4209 9641
4211 4598
4211 6761
4211 9594
4212 6236
4213 4378
4213 4844
4213 5723
4213 7396
4213 8684
4215 5666
4215 8519
4215 9048
4216 7745
4216 9594
4217 4463
4217 5027
4218 5568
4218 8502
4219 5763
4219 8578
4220 8419
4221 5656
4221 6802
4222 4520
4222 4579
4223 5240
4226 7822
4226 9535
4227 5579
4227 6873
4227 8447
4228 7701
4229 5095
4230 4254
4231 7875
4231 8809
4232 8232
4233 8467
4233 8909
4235 8175
4236 6837
4236 8733
4237 8052
4238 4409
4238 6943
4239 5527
4239 7297
4239 7742
4240 8456
4240 9138
4241 9207
4242 4437
4242 8605
4243 6166
4243 6397
4243 7368
4244 6448
4244 6635
4244 7519
4245 4824
4246 6216
4246 7125
4247 4856
4247 6769
4247 6918
4247 9206
4248 8718
4248 9409
4249 8697
4249 9545
4250 8389
4250 8403
4251 5030
4251 5819
4251 7911
4251 8395
4251 9457
4252 5314
4252 7191
4252 8428
4252 9742
4254 6145
4254 6380
4254 6472
4256 6996
4256 9175
4257 6540
4258 6633
4258 7906
4261 5607
4261 8624
4262 7481
4263 4600
4264 8435
4265 8635
4266 8813
4266 9421
4267 9445
4268 6490
4271 5385
4271 6634
4271 7623
4272 4408
4272 7711
4272 9313
4273 5423
4274 8711
4275 7982
4275 9504
4275 9632
4276 4339
4276 5474
4277 5483
4277 5649
4277 7612
4277 7728
4277 9291
4278 5950
4279 5634
4279 8188
4279 9987
4281 8003
4282 9172
4283 4618
4284 6867
4285 6547
4285 8098
4285 8332
4286 6196
4286 9150
4287 4748
4287 9290
4287 9322
4287 9917
4288 8866
4288 9999
4289 5237
4289 6107
4289 7819
4289 9781
4290 8730
4290 9498
4291 5243
4291 5480
4292 6255
4292 8524
4295 4813
4295 7402
4295 7509
4295 8411
4295 9477
4298 4423
4298 6572
4298 9169
4299 5110
4299 7676
4299 8982
4299 9588
4299 9679
4300 7652
4300 7846
4301 6364
4302 7534
4302 9022
4302 9195
4303 6181
4303 8557
4304 5724
4304 6561
4305 5032
4306 6550
4306 6927
4306 8002
4306 9894
4307 4699
4308 4816
4308 7778
4309 7045
4309 7823
4309 8263
4309 9163
4310 6324
4310 7946
4310 8003
4313 8444
4314 8237
4315 5881
4315 9173
4315 9859
4316 7422
4316 8185
4317 6231
4317 7615
4318 5675
4318 8232
4320 4861
4320 9574
4323 7054
4323 9449
4324 4482
4324 5838
4324 5881
4325 4404
4325 7782
4326 6171
4326 7502
4327 6091
4328 5961
4328 8196
4329 7801
4331 5093
4331 6596
4332 6413
4332 9637
4333 9658
4334 6377
4337 7492
4338 5853
4338 6160
4338 8055
4339 4566
4340 6649
4340 8636
4342 4500
4342 8143
4343 7451
4344 8774
4344 9158
4344 9697
4344 9802
4345 4558
4345 7195
4345 9164
4345 9382
4346 6559
4346 7828
4347 4448
4347 5058
4347 5774
4347 6093
4347 7425
4347 8769
4348 5102
4348 5664
4349 9230
4350 6174
4351 6169
4352 6910
4355 8832
4356 6321
4356 8617
4357 4919
4357 7812
4358 5580
4358 7707
4360 5441
4362 4935
4362 5531
4363 5503
4363 5921
4363 9189
4364 4616
4364 7608
4364 8596
4365 4733
4366 5073
4366 9364
4367 5785
4367 9898
4368 6934
4368 7608
4369 8049
4370 6291
4370 6982
4370 8399
4372 5824
4372 6543
4372 7875
4373 6030
4375 6270
4375 8866
4376 4798
4376 6528
4376 9488
4378 8449
4379 5821
4379 8132
4381 8507
4381 9655
4383 4477
4383 5252
4383 8544
4383 8906
4383 9447
4384 8523
4385 5464
4385 6985
4385 7083
4385 8104
4386 9371
4387 5037
4387 8029
4388 9997
4389 8353
4390 5960
4390 9664
4391 5169
4392 4939
4392 5095
4393 8538
4393 8713
4393 9486
4394 6137
4394 6635
4396 5627
4396 8242
4397 4476
4397 7091
4397 7867
4398 4805
4398 5849
4398 6281
4398 6826
4398 7847
4399 4489
4399 5128
4399 6870
4399 8793
4400 9669
4401 8458
4401 8541
4402 5608
4402 8063
4403 9476
4405 6391
4405 8484
4406 4976
4406 6122
4406 8903
4407 5487
4407 5617
4407 6959
4407 8072
4407 9630
4408 5436
4408 7790
4408 9229
4409 8261
4410 5504
4411 8310
4411 9662
4412 8367
4414 4498
4414 9090
4415 4485
4415 4666
4415 5338
4415 5662
4416 6086
4416 6844
4416 7670
4416 8019
4416 8503
4417 7012
4417 9599
4418 6999
4419 4542
4420 9311
4421 7023
4421 8718
4422 5214
4422 7904
4423 6977
4423 7459
4426 4851
4428 8703
4428 9623
4429 8151
4430 4633
4430 4936
4430 6460
4430 6529
4430 9857
4431 7762
4431 9543
4431 9953
4432 9177
4434 5594
4434 6754
4434 8389
4435 6819
4436 7789
4437 6160
4437 6648
4438 6651
4438 7460
4438 9961
4439 8475
4439 8919
4440 4791
4440 9208
4442 4812
4442 7259
4444 7647
4445 5033
4445 7394
4445 9435
4446 4448
4446 6419
4446 7244
4447 6489
4449 7526
4450 4762
4450 7629
4450 8379
4452 8730
4453 5538
4454 5578
4454 7158
4454 7865
4455 5142
4455 5276
4455 7635
4456 8254
4456 9181
4457 6651
4459 5599
4459 6162
4459 7119
4459 9968
4461 5028
4461 7669
4461 9217
4462 7446
4464 5699
4464 9068
4465 9006
4466 5165
4466 5211
4466 5412
4467 5301
4467 6652
4468 6366
4469 6661
4469 7110
4470 7028
4472 9148
4472 9953
4473 6005
4473 7386
4474 7053
4476 6257
4476 8429
4476 9791
4477 5209
4477 6993
4477 7094
4478 6686
4478 6845
4479 5615
4480 6879
4481 7652
4483 6585
4483 9347
4484 4594
4484 4836
4485 5564
4485 6577
4485 7246
4485 7640
4485 8175
4485 9792
4486 4796
4486 5776
4486 7796
4486 9194
4487 7963
4487 8345
4488 6138
4488 9609
4489 6965
4490 4711
4490 8299
4490 9729
4492 5065
4492 8936
4494 4840
4494 5856
4494 6613
4495 5542
4495 9270
4497 7467
4497 9505
4498 5054
4498 7293
4498 8218
4499 7992
4500 4971
4500 7749
4501 5798
4502 8460
4503 8408
4504 6747
4504 6836
4504 9280
4506 4907
4506 9985
4508 4638
4508 6119
4508 8338
4509 5375
4509 5559
4510 5031
4510 5317
4510 8918
4511 7990
4512 5346
4512 5733
4512 7644
4512 8192
4513 4963
4513 9578
4514 7780
4514 8356
4515 6701
4515 9574
4515 9818
4516 4721
4516 7077
4516 9521
4518 7059
4518 7280
4518 9917
4519 9712
4520 8454
4522 8285
4523 8103
4524 8301
4526 5749
4526 5964
4527 8825
4529 5013
4529 5342
4529 5437
4530 7964
4531 4548
4531 5228
4531 9220
4532 5519
4532 5635
4532 6007
4532 8282
4532 8666
4532 8874
4533 4797
4533 5430
4533 7191
4534 8525
4534 9552
4537 4770
4537 5912
4538 4812
4538 6613
4538 9730
4539 8675
4540 8084
4540 9622
4541 6382
4541 6882
4541 7380
4542 5656
4542 7256
4542 9935
4543 5503
4543 8703
4544 9046
4545 8298
4547 9091
4549 5917
4550 8064
4550 9796
4551 6842
4552 4933
4552 5202
4553 7835
4554 6535
4554 6790
4554 8730
4555 6173
4555 6468
4556 8543
4557 8296
4558 4969
4558 7683
4558 9574
4559 5540
4560 6951
4560 8809
4561 4798
4561 9119
4562 7533
4563 9684
4564 4986
4564 5353
4564 5528
4565 9927
4566 8717
4569 8451
4570 4981
4570 5779
4571 8832
4571 9287
4572 8652
4572 9766
4573 4787
4573 9341
4574 9854
4575 5909
4575 9987
4576 5447
4576 5628
4576 7405
4576 8725
4577 4609
4577 8494
4577 8749
4578 5206
4578 8876
4579 5021
4579 5456
4579 6114
4579 8454
4580 5986
4580 7241
4582 4886
4582 5047
4582 9527
4583 6377
4584 6527
4584 6530
4586 5619
4587 7482
4587 8940
4587 9296
4588 6998
4588 7327
4589 6005
4589 7249
4590 5299
4591 7163
4591 8370
4591 9053
4591 9528
4592 6676
4592 8402
4593 7684
4593 9915
4594 4758
4594 7307
4594 8444
4596 5502
4596 8879
4597 9639
4598 5472
4599 7176
4600 8343
4601 9414
4602 6578
4602 8581
4605 6739
4605 7362
4606 9811
4607 4906
4607 8186
4609 4991
4609 5997
4609 6355
4609 6802
4610 5898
4610 6621
4610 7465
4611 8458
4612 5015
4612 6680
4612 9476
4613 9111
4614 8213
4614 9203
4615 4704
4617 5177
4617 6238
4617 6556
4617 7242
4617 7248
4617 7619
4617 8231
4618 4877
4618 8033
4619 4690
4619 6787
4620 5806
4621 8229
4622 4879
4623 5498
4623 7951
4624 5621
4624 6916
4624 7851
4627 8010
4630 4766
4630 7070
4630 8451
4633 5769
4633 8144
4633 9729
4634 6442
4634 7552
4634 7572
4635 7635
4636 5686
4636 8114
4637 9748
4638 7794
4638 9639
4638 9962
4641 6839
4641 8660
4642 8316
4643 6356
4643 7358
4643 7673
4644 6522
4644 6783
4644 6995
4644 7453
4644 8692
4644 9101
4644 9934
4645 6185
4645 7278
4646 6571
4646 9320
4646 9622
4648 4721
4649 7947
4649 9928
4650 5369
4650 5916
4651 7772
4652 5359
4652 9838
4653 6640
4654 4747
4654 5391
4654 8190
4655 4898
4656 6406
4656 8566
4657 6343
4658 8153
4659 5992
4659 6083
4660 8124
4661 4846
4661 5261
4661 5900
4661 6980
4662 5766
4663 7930
4663 8527
4664 8261
4665 6843
4665 7326
4667 8841
4667 9052
4668 5785
4669 6212
4670 5138
4670 5192
4671 6236
4671 7678
4671 9895
4672 7819
4674 4773
4674 5839
4674 6443
4674 8235
4677 5083
4677 6575
4677 6697
4677 8340
4677 9648
4678 5215
4678 7898
4680 6382
4680 8212
4682 6738
4682 8648
4682 9004
4684 9713
4685 7033
4685 7157
4685 9527
4686 8831
4687 9030
4689 6239
4689 6906
4691 8532
4691 9066
4694 5987
4694 6278
4694 7180
4695 5219
4695 7809
4696 7677
4697 5763
4698 5824
4698 9830
4698 9959
4699 7824
4700 6057
4700 6896
4701 6039
4701 8197
4702 8221
4702 8901
4702 9711
4703 7641
4704 6095
4705 4858
4707 5068
4709 4784
4709 6429
4710 9725
4711 9046
4712 7528
4712 7543
4713 5042
4713 7379
4713 8125
4714 6938
4714 7888
4715 6108
4715 6501
4716 5022
4716 9545
4718 7376
4718 7901
4718 9483
4719 8513
4720 5200
4722 5089
4722 7625
4722 9765
4724 5349
4724 5785
4724 9590
4725 8257
4726 7451
4726 8289
4727 6393
4727 6804
4727 8677
4729 5307
4730 4737
4730 6839
4730 8236
4731 8541
4731 8836
4731 9596
4732 7392
4732 8314
4732 9029
4732 9802
4733 5358
4733 5777
4733 8705
4734 6227
4735 7845
4736 6677
4736 8881
4737 5543
4738 6040
4739 6403
4740 5403
4740 8222
4741 7822
4741 9137
4741 9881
4742 5158
4742 7639
4742 8762
4743 4855
4743 8739
4743 9279
4744 5540
4746 6600
4748 5854
4748 9338
4750 5104
4750 5539
4750 7020
4751 7060
4751 7244
4752 7172
4752 7835
4753 5998
4753 7377
4753 9064
4754 5275
4754 8816
4755 9010
4755 9582
4755 9679
4757 6257
4757 8622
4758 7028
4758 9926
4760 7897
4761 5744
4761 6285
4762 7070
4762 7259
4762 7594
4762 9830
4763 6229
4763 6445
4763 7812
4763 8482
4764 8446
4764 9322
4767 5290
4767 7114
4767 8266
4767 8930
4768 7231
4768 8282
4768 8967
4769 5783
4769 9302
4771 9027
4771 9110
4772 5746
4773 6181
4774 6713
4774 8002
4774 9907
4776 7156
4776 8588
4776 9201
4777 8152
4777 9910
4778 5968
4778 7872
4778 8871
4778 9952
4779 9605
4780 8194
4781 7757
4781 8539
4781 9834
4782 9224
4784 5324
4784 9465
4785 7839
4785 8362
4785 9827
4786 6416
4787 8907
4787 9930
4788 9959
4789 5064
4789 9004
4790 5116
4792 8614
4792 9355
4793 5722
4793 9229
4794 5854
4794 7084
4794 8872
4795 8169
4796 4816
4798 5867
4798 8274
4799 8670
4800 5450
4801 9197
4802 5270
4802 7632
4802 7708
4803 5352
4803 6665
4804 6603
4804 7002
4804 9490
4806 5036
4806 6015
4806 8612
4807 5062
4808 4929
4808 6757
4808 8424
4808 9552
4809 5121
4809 9683
4810 5157
4810 6612
4810 6926
4810 8732
4810 9737
4811 8833
4811 9688
4812 5552
4812 5955
4812 9010
4814 7702
4815 7616
4816 7078
4816 7105
4816 9194
4817 6767
4822 8760
4822 9651
4824 4996
4824 6112
4824 7199
4824 7427
4825 7650
4826 6638
4826 7331
4826 7554
4827 6047
4827 7829
4831 6148
4831 9432
4832 5114
4832 6416
4832 7051
4832 7197
4832 8267
4833 5383
4833 8245
4834 7499
4835 8408
4836 7248
4837 9256
4837 9731
4838 4926
4839 9925
4840 5841
4843 5995
4843 8239
4844 9750
4845 5525
4845 7040
4845 8448
4845 9031
4846 5157
4846 5624
4846 8696
4846 9792
4847 6166
4847 7105
4848 5273
4850 8061
4850 9516
4853 6282
4853 7601
4853 8696
4853 9903
4854 7003
4855 4997
4855 7287
4856 6422
4856 7271
4857 6029
4858 5642
4858 7832
4858 8185
4858 9039
4858 9223
4859 5105
4859 5230
4860 5729
4860 6476
4860 6568
4860 9040
4860 9829
4862 6407
4863 4917
4863 5173
4863 5959
4864 8961
4864 9191
4866 9456
4867 6467
4867 7469
4867 7696
4868 6988
4869 6132
4869 6918
4869 7057
4869 8213
4870 6253
4870 9618
4872 7574
4873 7405
4873 8748
4874 6760
4875 6048
4875 6575
4876 5093
4877 5779
4878 9940
4879 4977
4879 6038
4879 6683
4880 9965
4882 9322
4883 8349
4884 5337
4885 8544
4885 9414
4886 7918
4886 9155
4887 6498
4888 5069
4888 6287
4890 6423
4891 4935
4891 5295
4891 6234
4891 7395
4892 7307
4894 5042
4894 5189
4894 9230
4894 9846
4896 6142
4896 9617
4898 5970
4898 8265
4899 9737
4900 7125
4900 8289
4901 4919
4902 5623
4902 6427
4902 6795
4903 5847
4903 7190
4903 8954
4903 9561
4904 7156
4905 7627
4906 7635
4907 6808
4907 8094
4908 5731
4908 6264
4908 7240
4908 8976
4909 7144
4909 7831
4911 5560
4911 5604
4911 6153
4912 5330
4913 8973
4914 7715
4915 5596
4915 7883
4915 9829
4916 5087
4916 9883
4917 5729
4917 8509
4917 8524
4920 9906
4921 6150
4922 7117
4922 8786
4923 9784
4924 5091
4925 5357
4925 6495
4925 9553
4926 9626
4927 6428
4928 7546
4928 9300
4929 5663
4930 9179
4931 6248
4932 4991
4932 6324
4934 9988
4936 6558
4936 9038
4936 9045
4939 7410
4939 7801
4940 5971
4941 8439
4943 8139
4943 9652
4943 9833
4944 5237
4944 6621
4945 7634
4946 6064
4946 7523
4946 8570
4947 7930
4947 8222
4947 8639
4948 9765
4949 5001
4949 8139
4951 5628
4951 7333
4952 8623
4953 5525
4953 8643
4953 9191
4953 9411
4953 9942
4954 6591
4955 7768
4955 9618
4956 9359
4958 8536
4959 5021
4959 7813
4959 8061
4960 6947
4960 7147
4961 5236
4961 7104
4961 8545
4963 5637
4963 6931
4963 6942
4963 7881
4964 5956
4964 7569
4964 8919
4964 9753
4965 9416
4966 7233
4966 7399
4966 8741
4967 8522
4967 9527
4968 6404
4968 9232
4969 6971
4970 5314
4970 8070
4970 9486
4971 6082
4972 5438
4972 9527
4973 9715
4974 8159
4976 5258
4977 8889
4977 9591
4978 7376
4979 5498
4979 7403
4980 6563
4983 9014
4984 9127
4985 7899
4985 8969
4986 8094
4987 9061
4988 5853
4988 7399
4988 9580
4989 6772
4989 8258
4991 6660
4993 8911
4994 5713
4998 9693
4999 6913
5000 9904
5001 7171
5001 9489
5002 6702
5002 9586
5003 6203
5004 6489
5005 6591
5005 7894
5006 9501
5009 5704
5009 8457
5010 6185
5010 6994
5013 6465
5013 8655
5013 9767
5013 9861
5014 7636
5014 7876
5017 6269
5017 6695
5018 7303
5019 9383
5021 5622
5022 8138
5022 9646
5023 5653
5023 6907
5024 8550
5026 5445
5026 6276
5026 6886
5026 6992
5026 8239
5028 7280
5030 5059
5030 8986
5031 6102
5034 6531
5035 5113
5035 5489
5035 7586
5035 9245
5036 7156
5036 8816
5036 9660
5037 7257
5037 7699
5038 8534
5039 9400
5040 9261
5041 5703
5041 7392
5042 5257
5042 7491
5043 5082
5043 6760
5043 7607
5044 8387
5045 6597
5045 9761
5046 9598
5046 9648
5047 9843
5048 6528
5048 9302
5049 6717
5049 7793
5051 5190
5051 6257
5051 6965
5053 8545
5057 5107
5059 7431
5059 7971
5059 8615
5060 5348
5060 7953
5062 9162
5063 7856
5063 8040
5063 9921
5065 5425
5065 6996
5067 7215
5067 8402
5067 8796
5067 9082
5067 9460
5068 7070
5069 5517
5069 8953
5070 8237
5073 8234
5074 8447
5075 5669
5075 6973
5076 5793
5076 9624
5077 9598
5078 5258
5078 9380
5079 5599
5080 5276
5080 7246
5080 7279
5080 8334
5081 6309
5081 7418
5082 6757
5082 7452
5083 6348
5084 7050
5084 8457
5085 6187
5085 8335
5085 8661
5087 5224
5087 8731
5089 5800
5089 6947
5089 7423
5092 5210
5092 5602
5092 8914
5095 6068
5097 6204
5097 6679
5097 7262
5097 7633
5098 6921
5099 8088
5100 7280
5101 6185
5105 5973
5106 8539
5109 5533
5109 7643
5110 8187
5111 9810
5112 8917
5113 7143
5113 7840
5113 8153
5113 9332
5113 9385
5114 6196
5114 9640
5116 5805
5117 5315
5117 5507
5117 5608
5117 7152
5117 8032
5118 8098
5119 5933
5119 7134
5120 5502
5120 6147
5120 9871
5120 9922
5121 6189
5121 8223
5122 7984
5122 8607
5123 7160
5124 5521
5124 6174
5125 5973
5126 7462
5126 7491
5127 5238
5127 7378
5127 8252
5127 8502
5127 8856
5130 5200
5130 6007
5130 6931
5131 8301
5133 5981
5133 8974
5134 5443
5135 5262
5136 5559
5137 5453
5137 5480
5140 8561
5142 8214
5143 6933
5143 7208
5144 5508
5144 9382
5145 5174
5145 7530
5145 9220
5146 5777
5147 5508
5148 8147
5148 8622
5148 9378
5149 7540
5149 9134
5150 7699
5150 8704
5151 6633
5151 6815
5151 7740
5152 9139
5154 7322
5155 7645
5156 9190
5156 9371
5158 6848
5158 9973
5159 9537
5160 7681
5162 9745
5163 6716
5163 9212
5164 9326
5165 5845
5165 5860
5165 6653
5166 7977
5167 8164
5168 5534
5168 5694
5170 5661
5170 8572
5171 6897
5171 7504
5171 9954
5172 5860
5172 8291
5174 7016
5174 7864
5175 9735
5176 7501
5176 8684
5176 9996
5177 7474
5177 8657
5177 9006
5178 8036
5179 6184
5179 6537
5180 8945
5181 7127
5181 9395
5183 9808
5185 7693
5186 8007
5187 8738
5188 5372
5188 7927
5189 5824
5190 7751
5191 9339
5192 5287
5192 7884
5193 9480
5194 6564
5194 7258
5194 8510
5196 8905
5196 9441
5197 5317
5197 7563
5198 5804
5199 7853
5199 9848
5200 6469
5200 9310
5200 9689
5200 9859
5201 7315
5202 5456
5203 8573
5204 6167
5204 9099
5205 5897
5205 9830
5206 5489
5207 9071
5209 5696
5209 9030
5209 9509
5209 9596
5209 9751
5210 8091
5210 9481
5212 7348
5213 7038
5213 7499
5214 5733
5214 6537
5214 8739
5215 5873
5215 7713
5216 6853
5216 6998
5217 7359
5217 7473
5217 8638
5218 9394
5219 8477
5219 8868
5220 5702
5221 7557
5222 6440
5222 6758
5222 6961
5222 9022
5223 6398
5223 8380
5225 7791
5225 9550
5226 7015
5227 5569
5227 6279
5227 8682
5228 5326
5228 7255
5229 7634
5231 7887
5231 8093
5232 6040
5232 8211
5232 8427
5232 9864
5235 5997
5236 6809
5236 6858
5236 9949
5237 7741
5238 7085
5238 9680
5239 5925
5240 6428
5242 5819
5242 6065
5242 6804
5243 6551
5244 5782
5244 8402
5245 8207
5246 5892
5247 8145
5248 9652
5250 5973
5251 8483
5253 8035
5255 5932
5256 5306
5256 6152
5256 6857
5256 7443
5256 7949
5257 6821
5257 9754
5258 7564
5258 8214
5261 6256
5261 8315
5263 8751
5264 6890
5264 8301
5264 8814
5265 8048
5268 7962
5268 8317
5268 8713
5269 6771
5269 8605
5270 6935
5270 7752
5270 9558
5271 8693
5274 5702
5274 5836
5274 5883
5274 9328
5275 5543
5275 6688
5276 7008
5278 6126
5278 7730
5279 8492
5280 9956
5281 9492
5282 6863
5282 7116
5282 8626
5283 7278
5283 7941
5283 8253
5283 8616
5283 8721
5284 9746
5284 9995
5285 5633
5285 6717
5285 7570
5286 7489
5287 7152
5288 5405
5288 6457
5288 9254
5289 8842
5290 6400
5291 6141
5291 8685
5293 5859
5294 6921
5294 6948
5294 7346
5294 9228
5295 7900
5295 8551
5295 9068
5297 6148
5297 9310
5298 5931
5298 8006
5298 8490
5299 8846
5299 9319
5301 8403
5302 7150
5302 7728
5305 8205
5306 8634
5307 5970
5308 6779
5309 5965
5309 6903
5309 7808
5309 8924
5310 5336
5310 6919
5313 9930
5314 5645
5314 7727
5315 6758
5315 8451
5315 9085
5316 6733
5316 7799
5318 7367
5319 8984
5319 9252
5320 6895
5320 8560
5321 7686
5321 8089
5321 8521
5321 8935
5321 8991
5323 6469
5325 5878
5325 9455
5326 6851
5326 7757
5327 6860
5327 8293
5327 9532
5327 9728
5328 5536
5329 6225
5329 6553
5329 8332
5330 5389
5330 8868
5331 6226
5332 7501
5332 8745
5332 9073
5332 9737
5333 6479
5333 7807
5334 5844
5335 8767
5338 7304
5339 5424
5339 5436
5341 6332
5341 9233
5342 8561
5342 9819
5343 7645
5345 7628
5345 7861
5345 9022
5346 7109
5346 9893
5349 7799
5351 8656
5352 8697
5352 8908
5354 7022
5354 8378
5354 8795
5355 7035
5355 8706
5356 5585
5356 6472
5357 5821
5357 6280
5359 5840
5360 8601
5361 8094
5361 9861
5362 5604
5362 9951
5363 5872
5364 8835
5364 9286
5365 6170
5365 9583
5366 6742
5366 9172
5367 9777
5368 6754
5368 8690
5368 9832
5369 9462
5370 8414
5370 8558
5371 7626
5373 7081
5373 7810
5373 8983
5373 9336
5373 9340
5374 5463
5374 6533
5374 9321
5375 5848
5375 7773
5376 6833
5376 8780
5377 6410
5379 5753
5379 6036
5380 6548
5380 8305
5381 8786
5382 5709
5382 6593
5382 8724
5383 5768
5383 8790
5384 8769
5385 6357
5385 6542
5386 7394
5387 9958
5388 7792
5388 9609
5389 5431
5389 6168
5389 9732
5390 5455
5390 6760
5390 7359
5391 5912
5391 6073
5391 7567
5392 7912
5392 9133
5393 9379
5394 5508
5394 6508
5395 7110
5397 7059
5397 9274
5398 7172
5398 9285
5399 7582
5400 6428
5400 6795
5400 8374
5401 6058
5401 7503
5401 9673
5401 9720
5402 7388
5403 7094
5404 7700
5406 5759
5407 8211
5407 8733
5407 9793
5408 7227
5409 7187
5410 9343
5411 6629
5412 6660
5412 9507
5413 7417
5414 6653
5414 9507
5415 6352
5415 8354
5415 8516
5415 9085
5416 6627
5416 8065
5416 8480
5418 5603
5418 6562
5418 9973
5419 6527
5420 5725
5420 7548
5421 8283
5423 6823
5423 7685
5423 8402
5423 9365
5423 9459
5423 9586
5425 6377
5425 7042
5425 8418
5426 8872
5426 8875
5427 9963
5428 6670
5428 6998
5429 6879
5431 9040
5434 9377
5435 6370
5436 5497
5436 5684
5437 5766
5437 6434
5438 5803
5440 9450
5441 6660
5441 9546
5442 7374
5442 9517
5443 6546
5443 6958
5443 9304
5443 9481
5443 9644
5445 8532
5446 6831
5447 6947
5447 8032
5448 5963
5448 7143
5448 7588
5449 5613
5453 6096
5453 7534
5453 9925
5454 6165
5454 8919
5455 8354
5456 6106
5458 7062
5459 6894
5459 8732
5461 6666
5463 8750
5467 6694
5467 8434
5468 7901
5470 9254
5471 5954
5471 9505
5472 9184
5473 5844
5473 7955
5473 8363
5474 6928
5474 7339
5474 7711
5476 5539
5476 6399
5476 6665
5476 7067
5476 7103
5477 6027
5477 6251
5477 6505
5477 8592
5477 9852
5478 7644
5478 8810
5478 9159
5479 8084
5479 9404
5480 8920
5484 6667
5485 7746
5485 8693
5486 8558
5487 7191
5487 7354
5488 8338
5488 8837
5489 6320
5491 8294
5491 9328
5492 6854
5492 9331
5493 8415
5494 7908
5494 8155
5495 8288
5495 9405
5495 9870
5496 7926
5496 7992
5496 8033
5496 9242
5498 5902
5498 5975
5499 5582
5499 5869
5499 7242
5499 8353
5500 5862
5500 8061
5500 8988
5501 7442
5502 5718
5504 9170
5504 9981
5505 8985
5508 7686
5508 8476
5511 6260
5511 7438
5512 6076
5512 6550
5512 7123
5514 8101
5514 9725
5515 5964
5515 7129
5515 8021
5515 9280
5516 6498
5516 6991
5519 6237
5519 8825
5520 7826
5521 6708
5521 7106
5521 8432
5521 9462
5522 5626
5522 8378
5523 9615
5525 6890
5525 9185
5526 6757
5526 9578
5528 5932
5529 6967
5529 8145
5530 9621
5531 7787
5531 8716
5532 7490
5534 6370
5535 6053
5536 6661
5537 7036
5537 9486
5538 8646
5539 9189
5541 7054
5541 9485
5542 8201
5542 9164
5543 8075
5543 9211
5543 9604
5545 6123
5545 6740
5545 9716
5546 5797
5549 6557
5551 5892
5551 8789
5553 5708
5554 8737
5554 9100
5555 7725
5555 8517
5555 9099
5557 5661
5558 6085
5559 9041
5560 9329
5561 8356
5562 6508
5562 7919
5562 9154
5562 9503
5563 7396
5563 7552
5563 9901
5565 8100
5566 8671
5566 9434
5567 6262
5567 9515
5568 6077
5568 8505
5569 6533
5571 7906
5571 8101
5571 8641
5572 8971
5572 9482
5574 6738
5575 5923
5576 5755
5577 6837
5578 6095
5578 9361
5578 9383
5580 9311
5583 7784
5583 9410
5585 7807
5586 6351
5587 7004
5587 8145
5589 6489
5589 8775
5590 5631
5590 6900
5591 7874
5591 8508
5591 9885
5592 7433
5593 9435
5595 9073
5596 6128
5596 7582
5599 6051
5599 8722
5600 7444
5603 7190
5604 7007
5605 7743
5605 8864
5607 8505
5607 9119
5608 8138
5610 5814
5610 8180
5611 6339
5611 6873
5611 9544
5612 5646
5612 8861
5613 9432
5614 6373
5614 8933
5615 8574
5616 8755
5617 8644
5617 9094
5618 8006
5618 8301
5619 7658
5620 6567
5620 8117
5621 7431
5623 6667
5623 7718
5625 9255
5626 8096
5627 7871
5627 8243
5629 8362
5629 9401
5630 9279
5631 7341
5633 6062
5634 5923
5634 6692
5634 9645
5635 8283
5635 8404
5637 7941
5638 7544
5639 7432
5639 7433
5641 6306
5641 8270
5641 8445
5641 9053
5641 9824
5643 9824
5644 5835
5644 9338
5644 9858
5645 7621
5645 9108
5646 6121
5647 6738
5647 8920
5647 9394
5648 8204
5648 9698
5649 6326
5649 9620
5650 7805
5651 7352
5652 6941
5654 5663
5654 5713
5654 7672
5655 8855
5656 9004
5657 8832
5658 7512
5658 9983
5659 6143
5660 6966
5660 9584
5661 9980
5662 6952
5662 9166
5663 6081
5664 5901
5665 5843
5666 6081
5666 7219
5670 6310
5671 5835
5671 7094
5672 6361
5673 7815
5673 8035
5673 8223
5674 6419
5674 6788
5676 8670
5676 8745
5677 9192
5678 5759
5679 9032
5679 9664
5680 7788
5681 7212
5681 9271
5683 9978
5685 8053
5687 7104
5688 8134
5689 9239
5690 7282
5690 9260
5690 9781
5692 8593
5693 9194
5694 6854
5694 9064
5694 9799
5695 8663
5695 9201
5697 8418
5698 6006
5698 9386
5699 7037
5699 7755
5699 8286
5699 8678
5700 8533
5702 6008
5703 6333
5703 6791
5703 6813
5703 9987
5707 7129
5707 7482
5707 7922
5708 8562
5709 6841
5709 9037
5710 8989
5710 9200
5712 7782
5714 9753
5716 6943
5717 8755
5718 8137
5718 8731
5718 9439
5719 7001
5721 8201
5721 8480
5721 8520
5722 6206
5722 6946
5724 6028
5726 6212
5726 8738
5726 9219
5727 8754
5727 8773
5730 6084
5731 7029
5732 8719
5732 8735
5734 9560
5735 8364
5736 6382
5736 8152
5737 7704
5737 9015
5740 6121
5740 6488
5741 9205
5742 8961
5744 7692
5744 9091
5747 8377
5748 6324
5750 6223
5750 7186
5750 7811
5750 7866
5751 6431
5751 7049
5751 8433
5751 8908
5752 7314
5753 8282
5756 8052
5758 7040
5759 8318
5759 8717
5760 6355
5763 9525
5764 8099
5764 9428
5766 6972
5766 8798
5767 6265
5767 6733
5768 7156
5768 8946
5769 6663
5769 7987
5769 8923
5770 6530
5771 7582
5772 7908
5773 7633
5773 8015
5775 8544
5776 9285
5778 8126
5778 8764
5779 7548
5780 6035
5780 7523
5781 6112
5781 7680
5781 8060
5782 6019
5782 6440
5782 6751
5782 7640
5783 5791
5783 9722
5785 6101
5785 6617
5786 6771
5787 6900
5787 7357
5787 7719
5789 7912
5789 9783
5790 6099
5791 6002
5791 6718
5791 7736
5791 9236
5791 9624
5794 8726
5795 6699
5795 7218
5796 7920
5796 8580
5796 8676
5796 9188
5797 9150
5797 9237
5798 8589
5799 5862
5799 7249
5799 8876
5800 5850
5800 6092
5800 8105
5801 7458
5802 9243
5802 9999
5804 8388
5804 9169
5805 6503
5805 6706
5805 6894
5805 8426
5806 8988
5810 8576
5810 9402
5811 8317
5813 7019
5813 9043
5814 7594
5814 9423
5815 6987
5815 8399
5817 6376
5818 6128
5818 9398
5819 6758
5819 8389
5820 5852
5821 6462
5821 9320
5824 5862
5825 6306
5825 8360
5826 7209
5828 6764
5828 9094
5828 9255
5831 9655
5832 7552
5833 6541
5834 6324
5836 6860
5837 6945
5837 9029
5839 6178
5839 9204
5839 9611
5842 6127
5843 9245
5850 6830
5850 8956
5851 8941
5852 6062
5852 8544
5853 7731
5854 6734
5855 5983
5855 6173
5856 8853
5857 8419
5858 6585
5858 7614
5858 8084
5858 9008
5859 8486
5860 8642
5860 8767
5861 7056
5862 6295
5862 7466
5864 7217
5866 6479
5866 8277
5870 7830
5871 7023
5872 6851
5872 7272
5872 9455
5875 7112
5876 7046
5876 7417
5876 8005
5877 9040
5878 6143
5878 6855
5880 6015
5880 6434
5880 8050
5881 7888
5884 6822
5884 7570
5884 9988
5886 6280
5887 9138
5888 6453
5888 9683
5889 6653
5889 9186
5890 9134
5891 6189
5891 6274
5892 6406
5892 6600
5893 9203
5894 6018
5894 9152
5896 9272
5896 9438
5899 7055
5900 7570
5900 9963
5901 6104
5905 6767
5906 8415
5907 5974
5907 7033
5907 8881
5907 9410
5908 6165
5909 6143
5910 7071
5910 7561
5912 6372
5912 7160
5912 8548
5914 9156
5915 6341
5916 8211
5917 6900
5917 8234
5918 9721
5919 8123
5919 8152
5920 8385
5921 6210
5922 6975
5923 7371
5925 8551
5925 9197
5925 9606
5926 6153
5927 8108
5928 6304
5928 9570
5929 6944
5931 7853
5933 8726
5933 9433
5935 6778
5935 9431
5937 8748
5937 8770
5938 7026
5938 8656
5939 6030
5939 7105
5940 6489
5940 6591
5940 6694
5943 8774
5944 7846
5945 6920
5946 6674
5946 9539
5948 6213
5948 7373
5948 9353
5948 9584
5949 6704
5949 7542
5950 7030
5950 8419
5951 6893
5951 8430
5953 6436
5953 7935
5953 8179
5954 6944
5954 7620
5955 8533
5957 8530
5958 7213
5958 9821
5959 8472
5959 9424
5960 6643
5960 8927
5961 6863
5963 6483
5964 7473
5965 6057
5965 9342
5966 9883
5967 7548
5969 7633
5969 9229
5970 9940
5971 6476
5971 7908
5972 8720
5975 7513
5976 8046
5976 9515
5978 9570
5978 9720
5979 6434
5979 9479
5980 7108
5982 9434
5983 5998
5984 7274
5984 9309
5986 6583
5986 8872
5986 9856
5988 6587
5989 7114
5989 9775
5990 7201
5990 7268
5990 7354
5990 8590
5992 9469
5995 8123
5997 9936
5998 8804
5999 6370
6000 9779
6001 6054
6001 6504
6001 6830
6002 8873
6003 7964
6005 8056
6005 8417
6006 7414
6008 7505
6008 7998
6008 8169
6008 9891
6009 6866
6010 8245
6012 6976
6012 9965
6014 8734
6015 7260
6015 8031
6015 9406
6016 7887
6018 7888
6018 9869
6020 7158
6020 7161
6020 7745
6020 8955
6021 7112
6022 9900
6023 7912
6024 8306
6026 7716
6027 8071
6027 8505
6027 8595
6028 7468
6029 8079
6029 8522
6029 8999
6031 8189
6034 9497
6035 6197
6035 7590
6035 8223
6035 9833
6036 6354
6036 7038
6036 8449
6036 8472
6037 6524
6037 9904
6038 9161
6038 9501
6040 6275
6040 9708
6042 7925
6042 8392
6042 9952
6043 6113
6043 8253
6043 9428
6044 7138
6044 9600
6045 9563
6046 6969
6047 7432
6048 9419
6052 9576
6053 6871
6053 7232
6054 6581
6054 7031
6054 8041
6055 8155
6056 7053
6056 7881
6056 8186
6057 6374
6057 7209
6057 9719
6058 7418
6058 8407
6058 8797
6059 7889
6059 8527
6060 6271
6060 7022
6060 8633
6061 6405
6061 6885
6063 7870
6063 8706
6063 9823
6064 9515
6069 7239
6070 6294
6070 7983
6071 8760
6073 6255
6073 6940
6074 8100
6075 7174
6075 9858
6076 7932
6077 7058
6077 7426
6078 6616
6078 8434
6080 6205
6081 6470
6082 8457
6082 9936
6083 9350
6084 6362
6084 7644
6085 6561
6087 8494
6088 6416
6090 6667
6090 9775
6090 9798
6091 6527
6091 8315
6092 8795
6093 8752
6094 7295
6095 7973
6095 8191
6097 8074
6098 7531
6098 7807
6098 7931
6100 8630
6100 9882
6104 9136
6104 9386
6105 9281
6106 9701
6106 9724
6107 6505
6110 9170
6110 9832
6111 7584
6111 8672
6111 8957
6116 8660
6116 9209
6118 7815
6118 9008
6119 9848
6120 6975
6121 7883
6121 8372
6121 9088
6123 7321
6123 9511
6126 7174
6126 7693
6126 7824
6126 9625
6128 7568
6130 9382
6131 6344
6131 6433
6131 7833
6132 7888
6132 9271
6134 9008
6136 6775
6139 9445
6140 8269
6140 9345
6141 7249
6141 9962
6142 7683
6143 7927
6143 8506
6144 6627
6144 9585
6145 6863
6145 7844
6145 8336
6146 6696
6146 6735
6146 8697
6148 9092
6149 7080
6150 9893
6155 9653
6156 6412
6156 7224
6156 8734
6157 8694
6158 8294
6159 7398
6159 8713
6160 8311
6160 9831
6161 7673
6161 9577
6162 6743
6162 7413
6164 9382
6165 7362
6165 9279
6166 7239
6167 8044
6167 8334
6168 7882
6169 6336
6170 7887
6170 8080
6171 7534
6171 7658
6175 9101
6179 7986
6179 8665
6179 9580
6180 7640
6180 9156
6180 9407
6181 7683
6182 6519
6183 6896
6183 8911
6183 9512
6185 8767
6186 9263
6187 6405
6187 9095
6189 7227
6190 6631
6190 6876
6190 7892
6191 6931
6192 7142
6192 8694
6192 8818
6193 8303
6193 8712
6195 6882
6196 7860
6196 9708
6198 7261
6199 9683
6200 6204
6200 8696
6201 9142
6202 8936
6203 8283
6206 7676
6206 9442
6207 6838
6207 8317
6208 9080
6209 6518
6209 6620
6209 6716
6209 9429
6210 6474
6210 6909
6211 9952
6214 7110
6216 8030
6217 8870
6219 6560
6219 6777
6219 7249
6220 6920
6220 9489
6221 7074
6223 9735
6224 6882
6225 8863
6226 6284
6226 6832
6226 7060
6226 9338
6227 8371
6227 9165
6227 9354
6230 6591
6230 9591
6231 6869
6232 6655
6233 6511
6233 8027
6234 7675
6234 8273
6236 8370
6236 8541
6236 9182
6236 9210
6237 8558
6240 6704
6240 8764
6240 8933
6242 7832
6244 9412
6245 6558
6245 9474
6246 6349
6246 9251
6247 7388
6247 8522
6249 7344
6250 6702
6250 7881
6251 7713
6252 8477
6253 8204
6253 9223
6255 7045
6258 6866
6260 6629
6260 8587
6261 6675
6263 6621
6263 8119
6263 8468
6264 6299
6265 7109
6266 7346
6266 9508
6267 7183
6269 7299
6270 7252
6270 7373
6270 9840
6271 8167
6274 9873
6275 6782
6276 7554
6277 7681
6277 9720
6278 7305
6278 8698
6278 8955
6278 9240
6281 9431
6282 7298
6284 9596
6284 9634
6286 8468
6286 9598
6287 9888
6288 9140
6288 9312
6292 7953
6293 6568
6293 6708
6294 9532
6297 9948
6298 8035
6299 8802
6300 8630
6301 6391
6301 7413
6301 9460
6302 6494
6302 8858
6302 9323
6304 6577
6305 6867
6310 6910
6310 6982
6311 8966
6312 6744
6313 8386
6313 9373
6314 9148
6315 6346
6315 8110
6315 8223
6316 9579
6317 8370
6317 9550
6318 7780
6319 8345
6320 7786
6320 8360
6320 9831
6321 7895
6321 9729
6322 7176
6322 7557
6324 9153
6326 7175
6327 7850
6328 8939
6328 9649
6329 8012
6332 8107
6335 6898
6335 9372
6335 9384
6338 7360
6339 6486
6339 9389
6339 9664
6340 6705
6341 6436
6341 6441
6341 6735
6341 9693
6342 9482
6343 9055
6345 9472
6346 9136
6346 9798
6347 8997
6347 9930
6347 9958
6349 7843
6349 9127
6352 8094
6352 9944
6355 7138
6356 9410
6358 7104
6358 7827
6360 9647
6362 8666
6362 9976
6363 8538
6364 6667
6364 9322
6366 7745
6367 8579
6368 7851
6368 8820
6369 6699
6370 7325
6371 9480
6373 6801
6373 9671
6375 8078
6375 9642
6376 9028
6377 6801
6377 8755
6377 9872
6380 8599
6381 6995
6381 8337
6381 9833
6384 9120
6386 7404
6386 8502
6386 9277
6387 7342
6387 7530
6387 7591
6388 6396
6388 7447
6388 9038
6389 6481
6389 8513
6390 7012
6390 7171
6390 8595
6391 7892
6391 8945
6391 9696
6392 8220
6392 9979
6393 8692
6394 7088
6395 9497
6396 6521
6396 7412
6396 8478
6396 9242
6397 7761
6398 8646
6398 8762
6399 7147
6399 7686
6399 8841
6400 7396
6400 7709
6400 9939
6401 8502
6402 8747
6402 9427
6402 9546
6403 9015
6404 8198
6405 7504
6408 9636
6409 7583
6410 9121
6411 9415
6413 8195
6414 9824
6415 6849
6416 9712
6419 8060
6419 8588
6421 9530
6422 6594
6422 9586
6424 9411
6428 6945
6428 6995
6428 7543
6428 8526
6430 7113
6430 9317
6431 9129
6436 8198
6437 8494
6437 8747
6437 8804
6437 9320
6437 9734
6438 8977
6439 8392
6440 6634
6440 9456
6444 7467
6444 9458
6446 7958
6447 8512
6448 6538
6448 8937
6449 7142
6451 9389
6452 6784
6453 6794
6453 6958
6453 8451
6453 9216
6454 7958
6456 8005
6457 8186
6457 9658
6458 7730
6460 7672
6460 9913
6463 7457
6463 8233
6463 8662
6464 9238
6464 9688
6465 8567
6468 6667
6469 8065
6471 6786
6471 9222
6472 8515
6473 9095
6475 7527
6475 8137
6478 9715
6479 6523
6479 8614
6482 7513
6482 9600
6483 7443
6483 8364
6485 8026
6485 8799
6486 9576
6487 7778
6488 8264
6488 8922
6488 8958
6488 9245
6489 7727
6489 9639
6490 7204
6490 7625
6490 8068
6490 8083
6490 9650
6491 7799
6491 8098
6491 8389
6493 7157
6493 7594
6493 7923
6493 8243
6493 9608
6494 7171
6495 8112
6495 8760
6496 9471
6497 8890
6497 8900
6501 7959
6502 7398
6503 9078
6504 6676
6504 9219
6505 8261
6507 9337
6508 8765
6509 7378
6510 6683
6510 8094
6510 8418
6510 8952
6512 8435
6512 9894
6514 7664
6514 9950
6516 9244
6517 7279
6517 7352
6517 8530
6517 9050
6517 9887
6518 7501
6519 7862
6521 8807
6523 7072
6523 8926
6524 8563
6525 6695
6526 7373
6526 8548
6526 9120
6527 8560
6528 7458
6531 9804
6533 9079
6534 9989
6535 7896
6537 9316
6540 7909
6541 8556
6541 8750
6541 9728
6542 9893
6543 7905
6544 6695
6544 7059
6544 7757
6544 9965
6547 7657
6548 8095
6549 6772
6549 8879
6549 8907
6549 9542
6550 9356
6550 9530
6551 8054
6552 7206
6553 7169
6553 8485
6555 8097
6557 7886
6557 9841
6558 8053
6558 8095
6558 9352
6559 7077
6560 7924
6560 8009
6563 7884
6566 9357
6568 8450
6570 9348
6573 7882
6573 8723
6573 9429
6574 8953
6574 9018
6575 7340
6575 8171
6575 9608
6576 9591
6578 8956
6578 9296
6578 9538
6580 6858
6580 8510
6581 9474
6582 8154
6582 8227
6585 7906
6586 7720
6587 6893
6588 6925
6588 7424
6588 8341
6590 7024
6591 8284
6591 9468
6592 7841
6592 8459
6593 7064
6593 8996
6594 8136
6595 6925
6595 7348
6596 8681
6599 6902
6600 7188
6601 8230
6602 8430
6602 9558
6603 9472
6604 9376
6605 6654
6606 9671
6607 7063
6608 7987
6610 8166
6610 8858
6615 6827
6615 7545
6620 8550
6620 8682
6621 9005
6623 7089
6623 9689
6625 8926
6625 9142
6627 6804
6628 6781
6630 6917
6630 8841
6630 9092
6633 7088
6634 8273
6635 6891
6635 9112
6637 8067
6637 9514
6638 7337
6638 7637
6639 7471
6639 9570
6641 7429
6641 8545
6642 8372
6643 7599
6644 7841
6647 9388
6648 7797
6650 7413
6650 7668
6653 8789
6656 6807
6657 8418
6659 7275
6659 7910
6661 7403
6662 7297
6663 7560
6663 8348
6664 8155
6665 8108
6667 8279
6669 9994
6672 6914
6673 8152
6677 6693
6677 7167
6677 9800
6678 7135
6679 6914
6679 7676
6680 8921
6681 8584
6683 9413
6684 8047
6685 7148
6686 8681
6686 9222
6687 8324
6688 7286
6688 9522
6690 7217
6690 9104
6691 7319
6691 8459
6692 6963
6692 7857
6692 9972
6693 6997
6693 7273
6694 7124
6694 7275
6695 7575
6697 7115
6697 8731
6698 7399
6701 7692
6701 9481
6702 6778
6703 6852
6703 7243
6704 9280
6705 6823
6705 7415
6705 7487
6708 7352
6709 7703
6711 8345
6712 7150
6715 8301
6715 9238
6716 7033
6717 6912
6717 8819
6719 8150
6720 7123
6721 7123
6724 6941
6724 7934
6724 8263
6726 6795
6726 7166
6726 7574
6727 7117
6727 8154
6729 8134
6732 8725
6733 8861
6734 9889
6735 6790
6735 7039
6735 9465
6735 9792
6736 9317
6736 9488
6736 9669
6737 9626
6738 8657
6739 6968
6739 9003
6743 8560
6743 9036
6743 9846
6745 8411
6745 8509
6745 8660
6746 8417
6747 7228
6747 9335
6747 9920
6750 7652
6751 8159
6753 7330
6753 8793
6756 8819
6756 9975
6757 8414
6757 9659
6758 7004
6758 7114
6760 7098
6761 9522
6763 7099
6764 9264
6769 6939
6769 8773
6771 7560
6772 7558
6772 7848
6772 8073
6776 7609
6776 8205
6776 9987
6777 9702
6778 8491
6779 7655
6779 8654
6780 9887
6783 8089
6784 7103
6786 9317
6786 9732
6789 8538
6790 7846
6791 7540
6792 8692
6793 7031
6793 7465
6793 8015
6795 8695
6795 9842
6797 7649
6797 9506
6798 8639
6798 9874
6799 6830
6799 7972
6800 7487
6800 7812
6800 9015
6801 7345
6801 8705
6802 7277
6804 7883
6805 7429
6805 9177
6807 8745
6808 6932
6808 7045
6808 8871
6808 9573
6809 8793
6810 9537
6813 7518
6814 9236
6815 6913
6817 7524
6817 9775
6818 8810
6819 8099
6820 7085
6820 7962
6821 8316
6822 7290
6822 8278
6824 7022
6824 7049
6824 8986
6825 6921
6827 6987
6827 8661
6828 7230
6828 7515
6828 8436
6829 7528
6830 7690
6833 8118
6833 9537
6834 8593
6834 9649
6837 8668
6840 7953
6841 8157
6842 8733
6842 9088
6843 8642
6844 8570
6844 9776
6844 9983
6845 8345
6848 7620
6848 8156
6848 9687
6851 7230
6851 8475
6851 8616
6852 9581
6853 8404
6855 6959
6856 8373
6856 9120
6859 8349
6859 8672
6860 7381
6860 8462
6860 10000
6861 7791
6861 8373
6862 7357
6863 7703
6865 7277
6865 7890
6865 8947
6865 9738
6866 7254
6866 8384
6866 8809
6867 7633
6867 8294
6867 9156
6868 9963
6869 8244
6871 7392
6872 8660
6873 8815
6874 7859
6875 8842
6877 8567
6877 8992
6878 7751
6878 8483
6880 8609
6881 7225
6881 8060
6883 7051
6883 9957
6885 7560
6888 8256
6893 8019
6893 9247
6894 7147
6894 8344
6894 9493
6898 7482
6900 8227
6900 9009
6900 9015
6902 9085
6902 9649
6902 9822
6903 8595
6903 9529
6904 8025
6906 7806
6907 8088
6908 9975
6909 7259
6909 7365
6910 9765
6911 8223
6911 8233
6914 9213
6916 7232
6916 7604
6916 7759
6916 9162
6918 7110
6918 7140
6919 8582
6920 7735
6920 9164
6922 7056
6922 8792
6922 9042
6931 8629
6932 8642
6932 9342
6934 7402
6934 9747
6937 6963
6941 7488
6944 8266
6944 8389
6945 9399
6948 7762
6949 8219
6951 9019
6954 7362
6954 8129
6955 9688
6957 7840
6957 8281
6958 8182
6960 9263
6961 7292
6963 7846
6964 7084
6964 9823
6965 8253
6965 9875
6966 9839
6967 7593
6967 8766
6968 7385
6968 7951
6968 8831
6970 7894
6972 7521
6972 7666
6972 7696
6972 7744
6972 8713
6973 9726
6974 7383
6976 8799
6978 9612
6980 9213
6981 7557
6981 8388
6981 8882
6982 8104
6983 7969
6985 9971
6987 8613
6989 8365
6995 8530
6995 9910
7000 8084
7000 8140
7003 8878
7004 8053
7004 9099
7005 8832
7005 9523
7010 8293
7011 8528
7012 7263
7013 7951
7015 8702
7015 8988
7015 9353
7016 9568
7016 9802
7018 7459
7019 7676
7019 9358
7021 7605
7022 8490
7023 9739
7024 7281
7025 7891
7026 7489
7026 8774
7027 8639
7029 7293
7032 9066
7033 9758
7035 9537
7036 7984
7037 7272
7037 7806
7039 7167
7039 7909
7040 7639
7041 9611
7042 9488
7044 7486
7045 7199
7046 9341
7047 8404
7048 7869
7049 9469
7053 8138
7053 8537
7053 9789
7055 7867
7055 8958
7056 8141
7056 8425
7060 8709
7060 9374
7060 9396
7061 8030
7062 8723
7063 7893
7063 9357
7065 7525
7065 8858
7066 9987
7067 7688
7067 9058
7069 8014
7069 8826
7069 9124
7071 8339
7073 7661
7073 9912
7076 7995
7077 9760
7078 7549
7079 8984
7081 8117
7081 9610
7082 7085
7084 7368
7085 7143
7085 9983
7086 8924
7087 8539
7088 7636
7089 9654
7093 8681
7093 9088
7097 7480
7097 9447
7097 9861
7098 7483
7100 9000
7103 9976
7104 9977
7106 9849
7107 9439
7108 8834
7108 9043
7108 9798
7109 9919
7110 7221
7111 8397
7111 9890
7112 7220
7112 7493
7113 9172
7113 9890
7116 7324
7117 7794
7118 7243
7119 8666
7120 7770
7120 8691
7123 9343
7124 7496
7124 8712
7125 9252
7127 9031
7129 7498
7131 7404
7131 8156
7131 9782
7132 7972
7132 8559
7132 8859
7133 9695
7134 9427
7136 7699
7136 9425
7137 8546
7140 9034
7143 8211
7144 8104
7144 8510
7145 8089
7147 9115
7148 9317
7150 9942
7151 8111
7153 7576
7154 8911
7154 9126
7154 9524
7158 8631
7158 9926
7159 9221
7161 8739
7162 7234
7165 7985
7165 8606
7166 7251
7166 7448
7167 8639
7167 9480
7168 7573
7171 7234
7172 7264
7172 8542
7172 9373
7179 9524
7181 9017
7182 9630
7183 7278
7183 7305
7183 7619
7183 8692
7183 8694
7183 9677
7185 8491
7186 9615
7187 8204
7187 9310
7188 8261
7188 9129
7189 7325
7189 8787
7189 9652
7190 7474
7192 7964
7192 9161
7193 9895
7194 9372
7197 7480
7197 8978
7197 9238
7197 9398
7201 9675
7204 7646
7204 9271
7205 9372
7206 8746
7206 9248
7207 8257
7207 8963
7209 8762
7209 9171
7210 7324
7210 8880
7213 9658
7215 8091
7217 9589
7220 7559
7222 7352
7224 8466
7224 9411
7226 7402
7228 7970
7230 8289
7230 8781
7231 7500
7232 9464
7233 7636
7233 8128
7234 8731
7237 7286
7237 8318
7243 8716
7243 9313
7244 8975
7244 9079
7246 9103
7246 9297
7248 7326
7250 7752
7252 8208
7252 8577
7252 9391
7254 8737
7254 9036
7254 9702
7255 9008
7255 9249
7256 8537
7257 8301
7259 9315
7260 7454
7260 7602
7260 7751
7261 8078
7263 7944
7265 9987
7267 9748
7268 8414
7269 8940
7271 8204
7271 9686
7272 7916
7274 8829
7278 8694
7280 7471
7280 9363
7281 7833
7283 8811
7285 9542
7287 7483
7287 9925
7288 8175
7290 8918
7291 8179
7293 7622
7294 9056
7298 8978
7300 7321
7300 8155
7301 9709
7302 7594
7302 8893
7304 8699
7304 8704
7305 7595
7305 8406
7305 9668
7308 9902
7309 8090
7310 9156
7311 7722
7311 7989
7314 8536
7316 7938
7319 9772
7322 8425
7323 8758
7324 7500
7324 7969
7326 8134
7326 9679
7326 9875
7327 8040
7328 9785
7331 9851
7333 9908
7334 7529
7334 8206
7335 7803
7337 7863
7337 8271
7338 7730
7340 7976
7340 8453
7341 9048
7341 9465
7342 9407
7342 9522
7343 8435
7343 9320
7344 8559
7346 8247
7346 9533
7347 7424
7347 9971
7348 9877
7349 9309
7350 8173
7351 7395
7351 9920
7354 9938
7357 8583
7359 8609
7360 7556
7360 8740
7360 8894
7363 7655
7363 7668
7363 7807
7364 9200
7366 8940
7366 9379
7367 7882
7367 8004
7368 9394
7369 7970
7369 9141
7369 9630
7370 8727
7372 8728
7373 7568
7373 8687
7374 8075
7375 9113
7376 9719
7377 9615
7377 9616
7382 8246
7382 8715
7382 9409
7382 9890
7384 9499
7384 9667
7386 8339
7386 8894
7389 9428
7391 7550
7391 8457
7391 9475
7392 9907
7393 7750
7393 8174
7395 8177
7399 9221
7399 9264
7399 9830
7402 9045
7403 9622
7407 7726
7407 8107
7407 8742
7408 7855
7409 8285
7411 9405
7413 8817
7413 9602
7415 9366
7416 9559
7419 7797
7419 8045
7419 8161
7419 9948
7420 9823
7422 9669
7423 9912
7424 7853
7424 8752
7424 9039
7424 9979
7425 9816
7426 8500
7426 9058
7428 7986
7428 8820
7430 8462
7433 8664
7434 7465
7434 8990
7436 8761
7439 9895
7440 7877
7444 8090
7444 9255
7446 7670
7446 7747
7446 9202
7446 9414
7446 9534
7450 7575
7450 8319
7451 9041
7451 9618
7452 9021
7460 9828
7461 8004
7461 8098
7463 9830
7465 8431
7466 8212
7466 8644
7468 7984
7468 8464
7468 8904
7470 8131
7470 9650
7471 9221
7474 7841
7474 8464
7475 7747
7476 9358
7479 7613
7479 8819
7480 9253
7480 9871
7481 9895
7483 8881
7484 7508
7484 8791
7484 9831
7484 9851
7486 9523
7487 7891
7487 8877
7488 9476
7489 8905
7491 7770
7492 7815
7493 8345
7493 9200
7493 9234
7494 8701
7495 8183
7495 8726
7495 9881
7496 8204
7497 9201
7498 8604
7499 8899
7499 9104
7500 9858
7502 8141
7502 8299
7502 9278
7502 9468
7503 8198
7505 8001
7505 9218
7509 8368
7509 9334
7512 8337
7513 8543
7514 9053
7514 9558
7519 8832
7520 9406
7522 7985
7523 7895
7523 7990
7523 9721
7524 8767
7525 7600
7525 8217
7525 9937
7527 7885
7527 8208
7529 8680
7529 9017
7530 8159
7530 9773
7531 8455
7531 8533
7531 9805
7534 8717
7536 8171
7536 8225
7536 8861
7537 8840
7539 9293
7540 9443
7541 9044
7541 9711
7542 8355
7543 7627
7545 9973
7548 8605
7548 9459
7550 7631
7555 9758
7556 9384
7559 8905
7559 8940
7560 7870
7563 9231
7565 9693
7566 9841
7567 9332
7568 8175
7568 8690
7569 9685
7570 8876
7572 8484
7578 9206
7579 9651
7580 9696
7584 9507
7585 8764
7587 7666
7587 7670
7587 8857
7588 9609
7590 9653
7592 9401
7592 9413
7595 8647
7602 8332
7603 9753
7612 8240
7612 8995
7614 9404
7618 8245
7618 8512
7620 8507
7620 8568
7621 9367
7625 9205
7628 7941
7628 8729
7632 8023
7632 8515
7632 9539
7632 9734
7635 8581
7637 8143
7637 8387
7638 8869
7639 8862
7640 9226
7640 9376
7642 8194
7645 8563
7646 7846
7647 9003
7648 9714
7651 8648
7653 9235
7654 7703
7655 9011
7656 9499
7658 8861
7659 8899
7659 9164
7660 7707
7661 7981
7661 9093
7664 8521
7665 8625
7666 9880
7668 8030
7668 9405
7669 7792
7671 8241
7672 9759
7674 7689
7675 8110
7677 9521
7678 9026
7679 8281
7679 8751
7680 9788
7682 9372
7683 7796
7685 7777
7687 8127
7687 9526
7688 9997
7692 8598
7693 9449
7696 9848
7698 9933
7699 7821
7699 8285
7700 8413
7702 9407
7703 9099
7706 7892
7708 8489
7709 9649
7709 9950
7711 8841
7714 8646
7716 7869
7716 9811
7717 9141
7718 8053
7720 8695
7721 9888
7722 8079
7727 9264
7729 8837
7729 8840
7730 9342
7731 8018
7731 9225
7733 9935
7739 8625
7744 8737
7746 8691
7747 7908
7748 9652
7750 9044
7752 8843
7753 8855
7756 8674
7758 8503
7758 9491
7759 9045
7762 8522
7763 9740
7764 8883
7767 9152
7772 8686
7775 8622
7775 9165
7776 8184
7776 9499
7777 7802
7777 8307
7778 9895
7779 8973
7780 7781
7780 8780
7781 9101
7784 7974
7784 8021
7787 8947
7788 9621
7790 9561
7792 7870
7792 9527
7793 8779
7794 8758
7799 9058
7800 8907
7800 9840
7802 7998
7804 8242
7805 8701
7806 9437
7807 8596
7807 9223
7809 9890
7810 9906
7811 7990
7813 8983
7816 7866
7817 8288
7817 9783
7819 8910
7821 8566
7822 9821
7823 8698
7823 8811
7826 8852
7826 8882
7827 9147
7829 8750
7829 9860
7830 8784
7833 8669
7835 8985
7838 8335
7838 9394
7841 7947
7843 8543
7845 8576
7846 7891
7846 9801
7849 7915
7849 9581
7851 9256
7851 9961
7852 8649
7853 9415
7854 9476
7855 9942
7856 8610
7858 8774
7858 9338
7862 8895
7863 9323
7864 9332
7865 9927
7866 9020
7868 9978
7870 8658
7871 8584
7872 8220
7872 8594
7873 8750
7874 9658
7874 9817
7875 8759
7875 9230
7875 9610
7877 8101
7878 8408
7878 8617
7879 9194
7879 9407
7880 8822
7880 9078
7881 8348
7882 7991
7883 8842
7884 9893
7886 9537
7888 9577
7889 8465
7892 8404
7892 9772
7896 9810
7902 9118
7904 8402
7905 8161
7905 8386
7908 8599
7908 8620
7911 9294
7913 8049
7913 9952
7917 8278
7919 9507
7926 8043
7926 8110
7932 8064
7932 8704
7934 9302
7935 9742
7935 9864
7936 8744
7936 9827
7937 9336
7943 9132
7945 7974
7946 8033
7948 8363
7948 9259
7950 8959
7950 9972
7953 9238
7954 9787
7955 9316
7959 9272
7962 8919
7963 8086
7963 9279
7964 9814
7965 9521
7966 9206
7966 9384
7968 9709
7977 8490
7979 8905
7980 8922
7980 9612
7981 7999
7981 8088
7981 8898
7982 8124
7982 9288
7986 9543
7986 9885
7987 8210
7989 8567
7989 9213
7992 9615
7996 8140
7997 8958
8000 9617
8003 8290
8003 8316
8006 8107
8006 8582
8011 9374
8013 8609
8019 9842
8022 8870
8023 8806
8025 9357
8026 8952
8028 9255
8029 9185
8031 9411
8033 8299
8033 8714
8033 9661
8034 8835
8034 9070
8035 8574
8043 8672
8046 9161
8047 8175
8047 9891
8051 9459
8052 8897
8055 9080
8057 8403
8061 8108
8061 9707
8062 9347
8063 8573
8063 9080
8063 9520
8065 9326
8066 8109
8068 8339
8068 9123
8068 9458
8068 9904
8076 9707
8077 9800
8080 9579
8081 9360
8082 8350
8084 9920
8085 9266
8086 8204
8093 8189
8097 8594
8097 8717
8097 9646
8098 8996
8100 8879
8101 8985
8101 9337
8105 8233
8106 8775
8107 9482
8108 8568
8109 9550
8112 8633
8115 9258
8116 9382
8118 9264
8118 9567
8121 9835
8124 9015
8125 9166
8127 8199
8129 9600
8132 9870
8138 9993
8140 8501
8141 8609
8145 9451
8145 9990
8146 8724
8146 9061
8146 9344
8148 9908
8157 9759
8165 9916
8167 9852
8170 9209
8171 8801
8174 9471
8177 8504
8182 9521
8187 8641
8191 9148
8196 8207
8197 8876
8197 8994
8197 9152
8197 9376
8198 9529
8202 8301
8202 8561
8202 9178
8204 9720
8207 8689
8208 9916
8209 8338
8209 9123
8211 8670
8211 9688
8212 8964
8215 8529
8215 9737
8219 8348
8221 9191
8222 9366
8224 9877
8225 8789
8225 9512
8227 8529
8228 8559
8229 8472
8229 9614
8231 9615
8232 8665
8232 8892
8233 9099
8236 8578
8238 8291
8239 8344
8240 9482
8242 8380
8242 8394
8244 9067
8246 9728
8249 8728
8249 9044
8250 9184
8253 8622
8255 8269
8255 8960
8255 9517
8256 9685
8256 9735
8260 8366
8261 9860
8263 9931
8264 9586
8264 9977
8266 8869
8267 9022
8267 9051
8268 9946
8270 9307
8271 8922
8273 8615
8277 8519
8279 8329
8281 9598
8282 9330
8282 9716
8285 8445
8285 9070
8285 9663
8285 9907
8287 8301
8288 8926
8288 8938
8293 9429
8294 9078
8296 8794
8296 9905
8297 9609
8301 9873
8303 8327
8304 8317
8305 9268
8305 9938
8306 9364
8307 8969
8308 9513
8309 8970
8311 9153
8311 9298
8315 8376
8316 8892
8319 8572
8322 8968
8323 9585
8325 8643
8325 8865
8326 8441
8329 9869
8330 8429
8330 8825
8333 9577
8336 8998
8338 8581
8338 9704
8340 9505
8343 9861
8344 8731
8349 9862
8350 9345
8351 8484
8355 8697
8356 8722
8360 8382
8361 9336
8361 9704
8373 9531
8378 8813
8379 8433
8382 8387
8389 8844
8391 8627
8392 8942
8398 9974
8400 9795
8402 9992
8403 9345
8403 9828
8406 9486
8409 8807
8412 8501
8412 9582
8412 9685
8416 9123
8418 9258
8419 9564
8419 9857
8428 8518
8433 9436
8433 9731
8436 9081
8436 9357
8437 8582
8438 9755
8446 8618
8447 8521
8453 8710
8455 9838
8457 9699
8459 9560
8463 9174
8466 9544
8468 9133
8470 9335
8472 8633
8475 8714
8478 8956
8478 9006
8480 9128
8480 9430
8481 9855
8487 8632
8490 8604
8490 8704
8492 8885
8492 9203
8493 9710
8494 9092
8494 9790
8495 9461
8498 8881
8500 9837
8502 9087
8503 9244
8504 9416
8504 9535
8510 9162
8515 8673
8516 8849
8517 8561
8517 9633
8519 9429
8519 9713
8521 8884
8523 9423
8524 9057
8528 9666
8529 9824
8532 8926
8533 9961
8534 8617
8536 9875
8537 9841
8538 9288
8539 8635
8539 9460
8543 9315
8550 9651
8551 8782
8551 9655
8558 9453
8560 9014
8560 9211
8561 9536
8563 9098
8564 9267
8565 8942
8565 9110
8566 9623
8571 9816
8572 8780
8572 9201
8576 9860
8578 9431
8584 8765
8586 9582
8587 9176
8588 9844
8590 9087
8592 9450
8593 8756
8596 9077
8598 8684
8599 9526
8600 9682
8605 9534
8607 9478
8608 9643
8609 8783
8610 8669
8611 9079
8616 9762
8621 8900
8624 8950
8625 9236
8625 9405
8627 9963
8629 9714
8631 9628
8632 8679
8636 9507
8639 9778
8640 8642
8641 8837
8643 9552
8644 9491
8653 8780
8654 9705
8654 9858
8656 9225
8658 9884
8660 8817
8662 8903
8665 8876
8668 9473
8670 9935
8672 8793
8672 8941
8673 8809
8678 9430
8678 9440
8679 9184
8683 9857
8687 9749
8689 9819
8690 9721
8691 8772
8691 9243
8695 9716
8695 9868
8696 9641
8701 9074
8701 9712
8713 9601
8714 9865
8714 9975
8717 9253
8717 9779
8719 8957
8724 9247
8726 8922
8734 9711
8735 9677
8745 9666
8746 8900
8750 9026
8750 9492
8752 9724
8759 9351
8765 9861
8766 9372
8767 9262
8767 9956
8772 9062
8772 9269
8772 9626
8775 9157
8775 9764
8777 9903
8779 9059
8779 9814
8780 8872
8782 9793
8785 9856
8786 9332
8786 9389
8794 8914
8794 9593
8800 9090
8800 9569
8800 9866
8802 9344
8806 9552
8807 9467
8808 9342
8811 9178
8812 9985
8813 9533
8814 9603
8815 9967
8817 9141
8817 9305
8824 8907
8827 9049
8833 9273
8834 9714
8836 9501
8840 9300
8847 9426
8850 9848
8856 9818
8859 9239
8860 9271
8865 9302
8875 9645
8877 9303
8877 9663
8877 9670
8879 8882
8885 9756
8886 8969
8887 9618
8891 8993
8892 9053
8897 9810
8900 9002
8903 9805
8904 9183
8915 9345
8916 8999
8921 9092
8926 9284
8927 9492
8929 9458
8930 9993
8934 9025
8936 9734
8937 9057
8940 9989
8941 9282
8942 9915
8945 9515
8946 9419
8947 9429
8955 9042
8970 9646
8973 9747
8975 8985
8978 9957
8979 9835
8985 9128
8986 9308
8996 9616
9001 9485
9003 9995
9004 9312
9011 9666
9013 9440
9020 9765
9030 9585
9032 9403
9038 9774
9038 9903
9040 9336
9047 9312
9053 9382
9056 9810
9058 9419
9059 9796
9062 9214
9067 9108
9067 9763
9074 9867
9081 9769
9087 9266
9090 9347
9094 9977
9098 9857
9101 9163
9104 9897
9105 9788
9105 9832
9108 9274
9108 9277
9118 9625
9119 9572
9122 9232
9123 9693
9125 9826
9134 9785
9136 9452
9139 9738
9140 9717
9145 9626
9147 9874
9150 9920
9157 9895
9159 9294
9159 9590
9162 9611
9166 9706
9168 9301
9173 9288
9175 9297
9175 9859
9175 9889
9183 9244
9188 9476
9195 9331
9196 9326
9202 9433
9217 9296
9219 9500
9231 9627
9237 9597
9239 9917
9247 9483
9249 9257
9252 9970
9259 9379
9262 9471
9262 9868
9264 9807
9264 9940
9271 9711
9278 9954
9284 9651
9289 9359
9293 9332
9295 9762
9299 9381
9300 9306
9319 9569
9320 9676
9322 9611
9327 9558
9327 9610
9329 9993
9331 9410
9332 9846
9333 9761
9336 9634
9337 9466
9337 9793
9338 9942
9342 9970
9356 9443
9356 9786
9360 9949
9375 9952
9384 9962
9390 9539
9398 9708
9419 9607
9420 9530
9420 9734
9422 9924
9424 9486
9424 9571
9438 9495
9438 9778
9438 9851
9438 9942
9448 9657
9459 9771
9461 9794
9463 9712
9464 9837
9466 9739
9466 9778
9467 9611
9469 9504
9469 9894
9470 9924
9481 9770
9487 9989
9490 9795
9494 9942
9531 9818
9538 9958
9548 9952
9554 9578
9555 9889
9563 10000
9570 9583
9570 9599
9584 9794
9592 9938
9595 9995
9600 9907
9602 9833
9605 9638
9626 9676
9675 9678
9677 9997
9708 9959
9714 9963
9732 9829
9749 9800
9753 9918
9786 9882
9790 9965
9798 9949
9799 9917
9800 9988
9801 9831
9836 9946
9855 9954
9901 9932
9908 9936
9954 9980
9974 9985
70 70
92 92
119 119
122 122
125 125
128 128
138 138
140 140
142 142
178 178
179 179
202 202
207 207
225 225
241 241
253 253
261 261
287 287
325 325
338 338
343 343
346 346
371 371
396 396
412 412
447 447
455 455
467 467
490 490
504 504
524 524
557 557
560 560
572 572
615 615
635 635
651 651
654 654
657 657
688 688
720 720
736 736
739 739
756 756
770 770
794 794
811 811
814 814
826 826
837 837
849 849
853 853
858 858
874 874
883 883
898 898
917 917
927 927
941 941
947 947
955 955
1042 1042
1053 1053
1146 1146
1155 1155
1158 1158
1169 1169
1185 1185
1222 1222
1228 1228
1236 1236
1239 1239
1247 1247
1248 1248
1252 1252
1295 1295
1336 1336
1418 1418
1422 1422
1423 1423
1428 1428
1435 1435
1472 1472
1485 1485
1496 1496
1500 1500
1530 1530
1536 1536
1563 1563
1587 1587
1593 1593
1608 1608
1621 1621
1629 1629
1642 1642
1643 1643
1656 1656
1659 1659
1684 1684
1717 1717
1782 1782
1798 1798
1831 1831
1897 1897
1916 1916
1924 1924
1937 1937
1971 1971
2009 2009
2014 2014
2021 2021
2023 2023
2031 2031
2034 2034
2050 2050
2065 2065
2068 2068
2069 2069
2071 2071
2079 2079
2083 2083
2101 2101
2130 2130
2161 2161
2200 2200
2217 2217
2233 2233
2265 2265
2302 2302
2310 2310
2344 2344
2368 2368
2375 2375
2389 2389
2392 2392
2416 2416
2417 2417
2422 2422
2428 2428
2450 2450
2459 2459
2558 2558
2582 2582
2589 2589
2642 2642
2646 2646
2698 2698
2699 2699
2713 2713
2727 2727
2748 2748
2752 2752
2762 2762
2774 2774
2820 2820
2829 2829
2891 2891
2895 2895
2914 2914
2916 2916
2930 2930
2946 2946
2952 2952
2957 2957
3021 3021
3068 3068
3085 3085
3103 3103
3123 3123
3132 3132
3142 3142
3146 3146
3161 3161
3162 3162
3184 3184
3186 3186
3195 3195
3201 3201
3232 3232
3310 3310
3314 3314
3365 3365
3370 3370
3371 3371
3398 3398
3405 3405
3415 3415
3426 3426
3442 3442
3443 3443
3457 3457
3488 3488
3530 3530
3533 3533
3546 3546
3548 3548
3567 3567
3575 3575
3579 3579
3580 3580
3620 3620
3633 3633
3674 3674
3685 3685
3686 3686
3701 3701
3731 3731
3767 3767
3770 3770
3778 3778
3795 3795
3860 3860
3870 3870
3883 3883
3904 3904
3909 3909
3948 3948
3960 3960
3961 3961
3962 3962
4052 4052
4054 4054
4058 4058
4088 4088
4099 4099
4124 4124
4154 4154
4187 4187
4312 4312
4321 4321
4354 4354
4361 4361
4425 4425
4427 4427
4441 4441
4517 4517
4521 4521
4525 4525
4535 4535
4581 4581
4595 4595
4603 4603
4628 4628
4640 4640
4647 4647
4679 4679
4745 4745
4756 4756
4765 4765
4821 4821
4841 4841
4842 4842
4865 4865
4895 4895
4897 4897
4950 4950
4957 4957
4962 4962
4982 4982
5007 5007
5008 5008
5012 5012
5016 5016
5029 5029
5061 5061
5072 5072
5094 5094
5108 5108
5129 5129
5182 5182
5184 5184
5195 5195
5208 5208
5233 5233
5234 5234
5254 5254
5259 5259
5296 5296
5304 5304
5312 5312
5322 5322
5350 5350
5396 5396
5422 5422
5444 5444
5460 5460
5475 5475
5481 5481
5506 5506
5510 5510
5524 5524
5548 5548
5556 5556
5597 5597
5636 5636
5640 5640
5668 5668
5682 5682
5705 5705
5738 5738
5754 5754
5757 5757
5784 5784
5816 5816
5822 5822
5827 5827
5846 5846
5863 5863
5868 5868
5882 5882
5904 5904
5924 5924
5930 5930
5934 5934
5936 5936
5994 5994
6033 6033
6066 6066
6079 6079
6115 6115
6133 6133
6154 6154
6176 6176
6218 6218
6235 6235
6243 6243
6259 6259
6272 6272
6308 6308
6331 6331
6334 6334
6337 6337
6353 6353
6359 6359
6378 6378
6432 6432
6461 6461
6477 6477
6484 6484
6513 6513
6532 6532
6539 6539
6545 6545
6569 6569
6584 6584
6589 6589
6598 6598
6614 6614
6622 6622
6632 6632
6722 6722
6725 6725
6749 6749
6785 6785
6811 6811
6812 6812
6899 6899
6905 6905
6924 6924
6979 6979
7017 7017
7034 7034
7043 7043
7090 7090
7101 7101
7102 7102
7126 7126
7178 7178
7196 7196
7202 7202
7203 7203
7216 7216
7223 7223
7235 7235
7266 7266
7270 7270
7296 7296
7306 7306
7356 7356
7387 7387
7397 7397
7406 7406
7421 7421
7441 7441
7456 7456
7477 7477
7478 7478
7510 7510
7532 7532
7538 7538
7551 7551
7553 7553
7571 7571
7598 7598
7611 7611
7624 7624
7630 7630
7663 7663
7724 7724
7754 7754
7765 7765
7798 7798
7836 7836
7837 7837
7921 7921
7928 7928
7956 7956
7957 7957
7978 7978
7993 7993
7994 7994
8016 8016
8020 8020
8038 8038
8058 8058
8069 8069
8087 8087
8102 8102
8135 8135
8160 8160
8162 8162
8172 8172
8193 8193
8203 8203
8251 8251
8259 8259
8275 8275
8276 8276
8280 8280
8295 8295
8331 8331
8346 8346
8352 8352
8357 8357
8359 8359
8390 8390
8405 8405
8452 8452
8469 8469
8474 8474
8488 8488
8497 8497
8499 8499
8535 8535
8540 8540
8549 8549
8553 8553
8569 8569
8603 8603
8659 8659
8763 8763
8768 8768
8830 8830
8854 8854
8867 8867
8896 8896
8925 8925
8948 8948
8949 8949
8980 8980
9024 9024
9060 9060
9063 9063
9076 9076
9083 9083
9084 9084
9096 9096
9102 9102
9107 9107
9117 9117
9135 9135
9143 9143
9151 9151
9246 9246
9283 9283
9314 9314
9324 9324
9346 9346
9362 9362
9369 9369
9397 9397
9454 9454
9484 9484
9502 9502
9518 9518
9519 9519
9541 9541
9557 9557
9565 9565
9629 9629
9672 9672
9691 9691
9694 9694
9703 9703
9718 9718
9809 9809
9813 9813
9815 9815
9847 9847
9863 9863
9876 9876
9878 9878
9892 9892
9914 9914
9923 9923
9945 9945
9966 9966
